timestamp,zone_id,energy_kwh,co2_kg,production_units,compressed_air_m3,water_liters,temperature_c,shift,efficiency_score,status,zone_energy_share_%
2025-10-27T00:00:00,ZONE-PAINT-SHOP,3890.28,3190.03,22,1832.44,519.72,130.6,SHIFT-A,1.0,OPERATIONAL,30.68
2025-10-27T00:00:00,ZONE-BODY-SHOP,2216.99,1817.93,21,1086.15,0.0,28.0,SHIFT-A,1.0,OPERATIONAL,17.18
2025-10-27T00:00:00,ZONE-ASSEMBLY,1335.63,1095.22,29,1115.04,0.0,21.6,SHIFT-A,1.0,OPERATIONAL,12.6
2025-10-27T00:00:00,ZONE-CASTING,2410.87,1976.91,29,0.0,630.83,264.4,SHIFT-A,1.0,OPERATIONAL,21.48
2025-10-27T00:00:00,ZONE-BATTERY,1459.39,1196.7,26,0.0,0.0,23.5,SHIFT-A,1.0,OPERATIONAL,10.88
2025-10-27T00:00:00,ZONE-HVAC-UTILITIES,719.96,590.37,20,0.0,0.0,27.5,SHIFT-A,1.0,OPERATIONAL,7.17
2025-10-27T01:00:00,ZONE-PAINT-SHOP,2507.43,2056.09,21,840.48,585.84,72.7,SHIFT-A,1.0,OPERATIONAL,30.68
2025-10-27T01:00:00,ZONE-BODY-SHOP,2333.29,1913.29,22,1609.2,0.0,24.8,SHIFT-A,1.0,OPERATIONAL,17.18
2025-10-27T01:00:00,ZONE-ASSEMBLY,1682.82,1379.91,28,1318.3,0.0,23.4,SHIFT-A,1.0,OPERATIONAL,12.6
2025-10-27T01:00:00,ZONE-CASTING,2840.9,2329.54,22,0.0,703.4,273.1,SHIFT-A,1.0,OPERATIONAL,21.48
2025-10-27T01:00:00,ZONE-BATTERY,711.67,583.57,19,0.0,0.0,23.5,SHIFT-A,1.0,OPERATIONAL,10.88
2025-10-27T01:00:00,ZONE-HVAC-UTILITIES,846.73,694.32,28,0.0,0.0,21.4,SHIFT-A,1.0,OPERATIONAL,7.17
2025-10-27T02:00:00,ZONE-PAINT-SHOP,2889.88,2369.7,29,1032.06,564.72,74.0,SHIFT-A,1.0,OPERATIONAL,30.68
2025-10-27T02:00:00,ZONE-BODY-SHOP,1621.63,1329.74,17,1927.62,0.0,26.5,SHIFT-A,1.0,OPERATIONAL,17.18
2025-10-27T02:00:00,ZONE-ASSEMBLY,1659.96,1361.17,27,1559.52,0.0,18.4,SHIFT-A,1.0,OPERATIONAL,12.6
2025-10-27T02:00:00,ZONE-CASTING,2701.47,2215.21,17,0.0,328.22,286.9,SHIFT-A,1.0,OPERATIONAL,21.48
2025-10-27T02:00:00,ZONE-BATTERY,790.21,647.97,18,0.0,0.0,25.6,SHIFT-A,1.0,OPERATIONAL,10.88
2025-10-27T02:00:00,ZONE-HVAC-UTILITIES,750.41,615.34,22,0.0,0.0,26.9,SHIFT-A,1.0,OPERATIONAL,7.17
2025-10-27T03:00:00,ZONE-PAINT-SHOP,3244.07,2660.14,18,1004.98,662.49,161.7,SHIFT-A,1.0,OPERATIONAL,30.68
2025-10-27T03:00:00,ZONE-BODY-SHOP,2256.81,1850.58,17,1955.12,0.0,24.3,SHIFT-A,1.0,OPERATIONAL,17.18
2025-10-27T03:00:00,ZONE-ASSEMBLY,1736.61,1424.02,19,1994.26,0.0,21.5,SHIFT-A,1.0,OPERATIONAL,12.6
2025-10-27T03:00:00,ZONE-CASTING,2680.27,2197.82,18,0.0,396.94,256.6,SHIFT-A,1.0,OPERATIONAL,21.48
2025-10-27T03:00:00,ZONE-BATTERY,1472.57,1207.5,17,0.0,0.0,21.8,SHIFT-A,1.0,OPERATIONAL,10.88
2025-10-27T03:00:00,ZONE-HVAC-UTILITIES,571.86,468.92,23,0.0,0.0,21.3,SHIFT-A,1.0,OPERATIONAL,7.17
2025-10-27T04:00:00,ZONE-PAINT-SHOP,3765.47,3087.69,27,1838.78,206.23,163.4,SHIFT-A,1.0,OPERATIONAL,30.68
2025-10-27T04:00:00,ZONE-BODY-SHOP,2353.09,1929.53,21,1665.91,0.0,22.0,SHIFT-A,1.0,OPERATIONAL,17.18
2025-10-27T04:00:00,ZONE-ASSEMBLY,967.77,793.57,17,1606.01,0.0,26.4,SHIFT-A,1.0,OPERATIONAL,12.6
2025-10-27T04:00:00,ZONE-CASTING,2243.82,1839.94,27,0.0,271.67,226.9,SHIFT-A,1.0,OPERATIONAL,21.48
2025-10-27T04:00:00,ZONE-BATTERY,1366.18,1120.27,23,0.0,0.0,19.5,SHIFT-A,1.0,OPERATIONAL,10.88
2025-10-27T04:00:00,ZONE-HVAC-UTILITIES,984.0,806.88,23,0.0,0.0,23.7,SHIFT-A,1.0,OPERATIONAL,7.17
2025-10-27T05:00:00,ZONE-PAINT-SHOP,3970.78,3256.04,29,1803.16,487.84,143.1,SHIFT-A,1.0,OPERATIONAL,30.68
2025-10-27T05:00:00,ZONE-BODY-SHOP,1807.71,1482.32,16,591.55,0.0,22.2,SHIFT-A,1.0,OPERATIONAL,17.18
2025-10-27T05:00:00,ZONE-ASSEMBLY,1212.5,994.25,18,780.95,0.0,20.1,SHIFT-A,1.0,OPERATIONAL,12.6
2025-10-27T05:00:00,ZONE-CASTING,1760.25,1443.4,25,0.0,319.94,231.1,SHIFT-A,1.0,OPERATIONAL,21.48
2025-10-27T05:00:00,ZONE-BATTERY,1282.96,1052.03,20,0.0,0.0,25.2,SHIFT-A,1.0,OPERATIONAL,10.88
2025-10-27T05:00:00,ZONE-HVAC-UTILITIES,890.95,730.58,18,0.0,0.0,25.4,SHIFT-A,1.0,OPERATIONAL,7.17
2025-10-27T06:00:00,ZONE-PAINT-SHOP,2653.66,2176.0,27,1989.71,608.73,89.0,SHIFT-A,1.0,OPERATIONAL,30.68
2025-10-27T06:00:00,ZONE-BODY-SHOP,2133.58,1749.54,20,1082.81,0.0,22.8,SHIFT-A,1.0,OPERATIONAL,17.18
2025-10-27T06:00:00,ZONE-ASSEMBLY,1022.08,838.1,22,735.4,0.0,20.2,SHIFT-A,1.0,OPERATIONAL,12.6
2025-10-27T06:00:00,ZONE-CASTING,2517.83,2064.62,28,0.0,237.6,175.7,SHIFT-A,1.0,OPERATIONAL,21.48
2025-10-27T06:00:00,ZONE-BATTERY,1450.5,1189.41,21,0.0,0.0,26.5,SHIFT-A,1.0,OPERATIONAL,10.88
2025-10-27T06:00:00,ZONE-HVAC-UTILITIES,798.61,654.86,15,0.0,0.0,24.8,SHIFT-A,1.0,OPERATIONAL,7.17
2025-10-27T07:00:00,ZONE-PAINT-SHOP,2939.63,2410.5,16,1048.44,202.97,97.5,SHIFT-A,1.0,OPERATIONAL,30.68
2025-10-27T07:00:00,ZONE-BODY-SHOP,1248.24,1023.55,16,556.76,0.0,20.1,SHIFT-A,1.0,OPERATIONAL,17.18
2025-10-27T07:00:00,ZONE-ASSEMBLY,1329.07,1089.84,21,688.29,0.0,21.2,SHIFT-A,1.0,OPERATIONAL,12.6
2025-10-27T07:00:00,ZONE-CASTING,1590.94,1304.57,29,0.0,325.48,299.2,SHIFT-A,1.0,OPERATIONAL,21.48
2025-10-27T07:00:00,ZONE-BATTERY,1287.28,1055.57,17,0.0,0.0,26.5,SHIFT-A,1.0,OPERATIONAL,10.88
2025-10-27T07:00:00,ZONE-HVAC-UTILITIES,678.54,556.4,29,0.0,0.0,24.1,SHIFT-A,1.0,OPERATIONAL,7.17
2025-10-27T08:00:00,ZONE-PAINT-SHOP,2183.51,1790.48,17,1746.06,713.03,123.8,SHIFT-B,1.0,OPERATIONAL,30.68
2025-10-27T08:00:00,ZONE-BODY-SHOP,2307.33,1892.01,20,1125.1,0.0,18.6,SHIFT-B,1.0,OPERATIONAL,17.18
2025-10-27T08:00:00,ZONE-ASSEMBLY,1043.74,855.87,18,1429.64,0.0,26.3,SHIFT-B,1.0,OPERATIONAL,12.6
2025-10-27T08:00:00,ZONE-CASTING,2958.99,2426.37,22,0.0,709.25,189.2,SHIFT-B,1.0,OPERATIONAL,21.48
2025-10-27T08:00:00,ZONE-BATTERY,916.34,751.4,17,0.0,0.0,25.8,SHIFT-B,1.0,OPERATIONAL,10.88
2025-10-27T08:00:00,ZONE-HVAC-UTILITIES,615.28,504.53,16,0.0,0.0,20.1,SHIFT-B,1.0,OPERATIONAL,7.17
2025-10-27T09:00:00,ZONE-PAINT-SHOP,3049.04,2500.21,23,1500.58,593.46,62.2,SHIFT-B,1.0,OPERATIONAL,30.68
2025-10-27T09:00:00,ZONE-BODY-SHOP,1586.67,1301.07,24,1737.25,0.0,27.1,SHIFT-B,1.0,OPERATIONAL,17.18
2025-10-27T09:00:00,ZONE-ASSEMBLY,1126.56,923.78,20,1215.85,0.0,27.7,SHIFT-B,1.0,OPERATIONAL,12.6
2025-10-27T09:00:00,ZONE-CASTING,1997.72,1638.13,15,0.0,661.49,200.0,SHIFT-B,1.0,OPERATIONAL,21.48
2025-10-27T09:00:00,ZONE-BATTERY,897.52,735.97,23,0.0,0.0,25.9,SHIFT-B,1.0,OPERATIONAL,10.88
2025-10-27T09:00:00,ZONE-HVAC-UTILITIES,705.96,578.89,16,0.0,0.0,21.1,SHIFT-B,1.0,OPERATIONAL,7.17
2025-10-27T10:00:00,ZONE-PAINT-SHOP,3439.88,2820.7,26,1212.14,304.88,65.6,SHIFT-B,1.0,OPERATIONAL,30.68
2025-10-27T10:00:00,ZONE-BODY-SHOP,1707.44,1400.1,19,1963.72,0.0,23.8,SHIFT-B,1.0,OPERATIONAL,17.18
2025-10-27T10:00:00,ZONE-ASSEMBLY,1676.9,1375.06,25,786.59,0.0,22.1,SHIFT-B,1.0,OPERATIONAL,12.6
2025-10-27T10:00:00,ZONE-CASTING,2981.81,2445.08,25,0.0,479.41,161.6,SHIFT-B,1.0,OPERATIONAL,21.48
2025-10-27T10:00:00,ZONE-BATTERY,1147.35,940.83,22,0.0,0.0,18.6,SHIFT-B,1.0,OPERATIONAL,10.88
2025-10-27T10:00:00,ZONE-HVAC-UTILITIES,647.59,531.02,17,0.0,0.0,25.9,SHIFT-B,1.0,OPERATIONAL,7.17
2025-10-27T11:00:00,ZONE-PAINT-SHOP,3663.23,3003.85,16,1015.16,638.63,76.2,SHIFT-B,1.0,OPERATIONAL,30.68
2025-10-27T11:00:00,ZONE-BODY-SHOP,1162.14,952.95,26,617.05,0.0,27.7,SHIFT-B,1.0,OPERATIONAL,17.18
2025-10-27T11:00:00,ZONE-ASSEMBLY,973.21,798.03,18,1935.36,0.0,20.9,SHIFT-B,1.0,OPERATIONAL,12.6
2025-10-27T11:00:00,ZONE-CASTING,2250.42,1845.34,28,0.0,300.88,260.2,SHIFT-B,1.0,OPERATIONAL,21.48
2025-10-27T11:00:00,ZONE-BATTERY,1037.48,850.73,17,0.0,0.0,27.2,SHIFT-B,1.0,OPERATIONAL,10.88
2025-10-27T11:00:00,ZONE-HVAC-UTILITIES,695.87,570.62,27,0.0,0.0,20.5,SHIFT-B,1.0,OPERATIONAL,7.17
2025-10-27T12:00:00,ZONE-PAINT-SHOP,3280.74,2690.21,27,783.98,349.46,153.7,SHIFT-B,1.0,OPERATIONAL,30.68
2025-10-27T12:00:00,ZONE-BODY-SHOP,1383.63,1134.58,23,535.23,0.0,25.3,SHIFT-B,1.0,OPERATIONAL,17.18
2025-10-27T12:00:00,ZONE-ASSEMBLY,907.2,743.91,17,737.48,0.0,27.1,SHIFT-B,1.0,OPERATIONAL,12.6
2025-10-27T12:00:00,ZONE-CASTING,2152.9,1765.37,26,0.0,459.62,242.6,SHIFT-B,1.0,OPERATIONAL,21.48
2025-10-27T12:00:00,ZONE-BATTERY,837.09,686.41,24,0.0,0.0,18.3,SHIFT-B,1.0,OPERATIONAL,10.88
2025-10-27T12:00:00,ZONE-HVAC-UTILITIES,926.74,759.93,19,0.0,0.0,18.2,SHIFT-B,1.0,OPERATIONAL,7.17
2025-10-27T13:00:00,ZONE-PAINT-SHOP,2268.59,1860.24,19,935.43,507.87,94.8,SHIFT-B,1.0,OPERATIONAL,30.68
2025-10-27T13:00:00,ZONE-BODY-SHOP,2289.06,1877.03,17,1860.62,0.0,21.5,SHIFT-B,1.0,OPERATIONAL,17.18
2025-10-27T13:00:00,ZONE-ASSEMBLY,893.14,732.37,25,918.83,0.0,24.0,SHIFT-B,1.0,OPERATIONAL,12.6
2025-10-27T13:00:00,ZONE-CASTING,2149.84,1762.87,21,0.0,412.17,261.7,SHIFT-B,1.0,OPERATIONAL,21.48
2025-10-27T13:00:00,ZONE-BATTERY,1304.54,1069.72,29,0.0,0.0,27.7,SHIFT-B,1.0,OPERATIONAL,10.88
2025-10-27T13:00:00,ZONE-HVAC-UTILITIES,934.66,766.42,20,0.0,0.0,23.8,SHIFT-B,1.0,OPERATIONAL,7.17
2025-10-27T14:00:00,ZONE-PAINT-SHOP,2236.29,1833.76,25,506.58,683.8,80.8,SHIFT-B,1.0,OPERATIONAL,30.68
2025-10-27T14:00:00,ZONE-BODY-SHOP,1404.04,1151.32,16,1388.92,0.0,21.3,SHIFT-B,1.0,OPERATIONAL,17.18
2025-10-27T14:00:00,ZONE-ASSEMBLY,1769.27,1450.8,17,900.15,0.0,20.9,SHIFT-B,1.0,OPERATIONAL,12.6
2025-10-27T14:00:00,ZONE-CASTING,2978.83,2442.64,20,0.0,695.84,249.3,SHIFT-B,1.0,OPERATIONAL,21.48
2025-10-27T14:00:00,ZONE-BATTERY,1181.9,969.16,20,0.0,0.0,22.7,SHIFT-B,1.0,OPERATIONAL,10.88
2025-10-27T14:00:00,ZONE-HVAC-UTILITIES,874.9,717.42,15,0.0,0.0,23.5,SHIFT-B,1.0,OPERATIONAL,7.17
2025-10-27T15:00:00,ZONE-PAINT-SHOP,2186.14,1792.63,28,1113.78,774.24,148.6,SHIFT-B,1.0,OPERATIONAL,30.68
2025-10-27T15:00:00,ZONE-BODY-SHOP,1595.16,1308.03,29,1669.63,0.0,25.3,SHIFT-B,1.0,OPERATIONAL,17.18
2025-10-27T15:00:00,ZONE-ASSEMBLY,968.15,793.88,25,1467.28,0.0,23.6,SHIFT-B,1.0,OPERATIONAL,12.6
2025-10-27T15:00:00,ZONE-CASTING,1560.67,1279.75,23,0.0,616.67,103.7,SHIFT-B,1.0,OPERATIONAL,21.48
2025-10-27T15:00:00,ZONE-BATTERY,809.33,663.65,20,0.0,0.0,19.2,SHIFT-B,1.0,OPERATIONAL,10.88
2025-10-27T15:00:00,ZONE-HVAC-UTILITIES,730.08,598.67,18,0.0,0.0,20.3,SHIFT-B,1.0,OPERATIONAL,7.17
2025-10-27T16:00:00,ZONE-PAINT-SHOP,5157.43,4229.09,0,1673.74,399.17,166.1,SHIFT-C,0.23,STANDBY,30.68
2025-10-27T16:00:00,ZONE-BODY-SHOP,1621.15,1329.34,5,735.7,0.0,21.2,SHIFT-C,1.0,OPERATIONAL,17.18
2025-10-27T16:00:00,ZONE-ASSEMBLY,1423.64,1167.38,9,1779.07,0.0,21.2,SHIFT-C,1.0,OPERATIONAL,12.6
2025-10-27T16:00:00,ZONE-CASTING,1893.45,1552.63,5,0.0,615.7,267.0,SHIFT-C,1.0,OPERATIONAL,21.48
2025-10-27T16:00:00,ZONE-BATTERY,1338.09,1097.24,3,0.0,0.0,18.4,SHIFT-C,1.0,OPERATIONAL,10.88
2025-10-27T16:00:00,ZONE-HVAC-UTILITIES,502.8,412.3,9,0.0,0.0,22.4,SHIFT-C,1.0,OPERATIONAL,7.17
2025-10-27T17:00:00,ZONE-PAINT-SHOP,3290.87,2698.52,4,1875.58,545.14,79.5,SHIFT-C,1.0,OPERATIONAL,30.68
2025-10-27T17:00:00,ZONE-BODY-SHOP,1873.88,1536.58,3,1191.39,0.0,19.8,SHIFT-C,1.0,OPERATIONAL,17.18
2025-10-27T17:00:00,ZONE-ASSEMBLY,1689.1,1385.06,5,1924.38,0.0,24.6,SHIFT-C,1.0,OPERATIONAL,12.6
2025-10-27T17:00:00,ZONE-CASTING,1653.77,1356.09,2,0.0,473.58,122.2,SHIFT-C,1.0,OPERATIONAL,21.48
2025-10-27T17:00:00,ZONE-BATTERY,720.57,590.87,5,0.0,0.0,18.5,SHIFT-C,1.0,OPERATIONAL,10.88
2025-10-27T17:00:00,ZONE-HVAC-UTILITIES,671.33,550.49,5,0.0,0.0,22.3,SHIFT-C,1.0,OPERATIONAL,7.17
2025-10-27T18:00:00,ZONE-PAINT-SHOP,2497.37,2047.84,9,766.95,334.81,78.4,SHIFT-C,1.0,OPERATIONAL,30.68
2025-10-27T18:00:00,ZONE-BODY-SHOP,1451.52,1190.25,2,1864.91,0.0,23.0,SHIFT-C,1.0,OPERATIONAL,17.18
2025-10-27T18:00:00,ZONE-ASSEMBLY,823.37,675.16,3,1045.34,0.0,19.5,SHIFT-C,1.0,OPERATIONAL,12.6
2025-10-27T18:00:00,ZONE-CASTING,1960.49,1607.6,7,0.0,337.34,187.8,SHIFT-C,1.0,OPERATIONAL,21.48
2025-10-27T18:00:00,ZONE-BATTERY,1232.6,1010.74,0,0.0,0.0,20.0,SHIFT-C,0.97,STANDBY,10.88
2025-10-27T18:00:00,ZONE-HVAC-UTILITIES,914.33,749.75,8,0.0,0.0,19.5,SHIFT-C,1.0,OPERATIONAL,7.17
2025-10-27T19:00:00,ZONE-PAINT-SHOP,3965.64,3251.82,4,1467.65,589.94,68.8,SHIFT-C,1.0,OPERATIONAL,30.68
2025-10-27T19:00:00,ZONE-BODY-SHOP,2259.56,1852.84,10,1097.41,0.0,18.5,SHIFT-C,1.0,OPERATIONAL,17.18
2025-10-27T19:00:00,ZONE-ASSEMBLY,1210.68,992.76,9,726.4,0.0,19.9,SHIFT-C,1.0,OPERATIONAL,12.6
2025-10-27T19:00:00,ZONE-CASTING,1905.97,1562.9,5,0.0,729.81,218.9,SHIFT-C,1.0,OPERATIONAL,21.48
2025-10-27T19:00:00,ZONE-BATTERY,709.35,581.67,8,0.0,0.0,22.3,SHIFT-C,1.0,OPERATIONAL,10.88
2025-10-27T19:00:00,ZONE-HVAC-UTILITIES,767.09,629.01,5,0.0,0.0,23.4,SHIFT-C,1.0,OPERATIONAL,7.17
2025-10-27T20:00:00,ZONE-PAINT-SHOP,2733.51,2241.48,0,367.55,523.92,132.7,SHIFT-C,0.44,STANDBY,30.68
2025-10-27T20:00:00,ZONE-BODY-SHOP,1015.2,832.46,6,1081.87,0.0,23.3,SHIFT-C,1.0,OPERATIONAL,17.18
2025-10-27T20:00:00,ZONE-ASSEMBLY,1390.78,1140.44,0,1215.35,0.0,21.1,SHIFT-C,0.86,STANDBY,12.6
2025-10-27T20:00:00,ZONE-CASTING,1643.71,1347.84,2,0.0,207.67,198.5,SHIFT-C,1.0,OPERATIONAL,21.48
2025-10-27T20:00:00,ZONE-BATTERY,1272.6,1043.53,1,0.0,0.0,26.3,SHIFT-C,0.94,OPERATIONAL,10.88
2025-10-27T20:00:00,ZONE-HVAC-UTILITIES,506.59,415.4,2,0.0,0.0,27.7,SHIFT-C,1.0,OPERATIONAL,7.17
2025-10-27T21:00:00,ZONE-PAINT-SHOP,2812.56,2306.3,8,917.32,538.34,132.1,SHIFT-C,1.0,OPERATIONAL,30.68
2025-10-27T21:00:00,ZONE-BODY-SHOP,2455.31,2013.36,1,680.81,0.0,26.2,SHIFT-C,0.49,OPERATIONAL,17.18
2025-10-27T21:00:00,ZONE-ASSEMBLY,1631.35,1337.71,9,1989.14,0.0,19.6,SHIFT-C,1.0,OPERATIONAL,12.6
2025-10-27T21:00:00,ZONE-CASTING,2959.37,2426.69,3,0.0,206.16,182.6,SHIFT-C,1.0,OPERATIONAL,21.48
2025-10-27T21:00:00,ZONE-BATTERY,826.62,677.82,1,0.0,0.0,27.5,SHIFT-C,1.0,OPERATIONAL,10.88
2025-10-27T21:00:00,ZONE-HVAC-UTILITIES,850.38,697.31,5,0.0,0.0,24.2,SHIFT-C,1.0,OPERATIONAL,7.17
2025-10-27T22:00:00,ZONE-PAINT-SHOP,4004.47,3283.66,0,854.26,427.46,164.0,SHIFT-C,0.3,STANDBY,30.68
2025-10-27T22:00:00,ZONE-BODY-SHOP,1572.9,1289.78,5,1595.11,0.0,19.0,SHIFT-C,1.0,OPERATIONAL,17.18
2025-10-27T22:00:00,ZONE-ASSEMBLY,831.44,681.78,4,1123.31,0.0,22.0,SHIFT-C,1.0,OPERATIONAL,12.6
2025-10-27T22:00:00,ZONE-CASTING,2563.72,2102.25,9,0.0,336.17,190.5,SHIFT-C,1.0,OPERATIONAL,21.48
2025-10-27T22:00:00,ZONE-BATTERY,1294.84,1061.77,4,0.0,0.0,19.1,SHIFT-C,1.0,OPERATIONAL,10.88
2025-10-27T22:00:00,ZONE-HVAC-UTILITIES,692.73,568.04,4,0.0,0.0,21.5,SHIFT-C,1.0,OPERATIONAL,7.17
2025-10-27T23:00:00,ZONE-PAINT-SHOP,3341.2,2739.79,8,1062.21,429.74,173.9,SHIFT-C,1.0,OPERATIONAL,30.68
2025-10-27T23:00:00,ZONE-BODY-SHOP,1389.13,1139.09,8,1223.64,0.0,27.6,SHIFT-C,1.0,OPERATIONAL,17.18
2025-10-27T23:00:00,ZONE-ASSEMBLY,1119.02,917.59,8,928.9,0.0,27.7,SHIFT-C,1.0,OPERATIONAL,12.6
2025-10-27T23:00:00,ZONE-CASTING,2955.75,2423.72,9,0.0,337.71,297.4,SHIFT-C,1.0,OPERATIONAL,21.48
2025-10-27T23:00:00,ZONE-BATTERY,1354.59,1110.76,7,0.0,0.0,24.6,SHIFT-C,1.0,OPERATIONAL,10.88
2025-10-27T23:00:00,ZONE-HVAC-UTILITIES,815.52,668.73,4,0.0,0.0,24.3,SHIFT-C,1.0,OPERATIONAL,7.17
2025-10-28T00:00:00,ZONE-PAINT-SHOP,2940.67,2411.35,18,1655.03,603.93,167.8,SHIFT-A,1.0,OPERATIONAL,30.68
2025-10-28T00:00:00,ZONE-BODY-SHOP,1618.09,1326.83,18,814.16,0.0,21.7,SHIFT-A,1.0,OPERATIONAL,17.18
2025-10-28T00:00:00,ZONE-ASSEMBLY,1620.16,1328.53,26,1756.56,0.0,18.7,SHIFT-A,1.0,OPERATIONAL,12.6
2025-10-28T00:00:00,ZONE-CASTING,2561.85,2100.72,15,0.0,408.0,167.7,SHIFT-A,1.0,OPERATIONAL,21.48
2025-10-28T00:00:00,ZONE-BATTERY,825.19,676.66,16,0.0,0.0,26.8,SHIFT-A,1.0,OPERATIONAL,10.88
2025-10-28T00:00:00,ZONE-HVAC-UTILITIES,521.56,427.68,21,0.0,0.0,20.7,SHIFT-A,1.0,OPERATIONAL,7.17
2025-10-28T01:00:00,ZONE-PAINT-SHOP,3918.34,3213.04,23,1657.64,392.9,178.3,SHIFT-A,1.0,OPERATIONAL,30.68
2025-10-28T01:00:00,ZONE-BODY-SHOP,2443.85,2003.96,27,1001.45,0.0,18.2,SHIFT-A,1.0,OPERATIONAL,17.18
2025-10-28T01:00:00,ZONE-ASSEMBLY,1038.15,851.28,25,1232.29,0.0,19.7,SHIFT-A,1.0,OPERATIONAL,12.6
2025-10-28T01:00:00,ZONE-CASTING,2423.73,1987.46,27,0.0,741.29,219.6,SHIFT-A,1.0,OPERATIONAL,21.48
2025-10-28T01:00:00,ZONE-BATTERY,937.95,769.12,28,0.0,0.0,23.1,SHIFT-A,1.0,OPERATIONAL,10.88
2025-10-28T01:00:00,ZONE-HVAC-UTILITIES,540.61,443.3,17,0.0,0.0,21.1,SHIFT-A,1.0,OPERATIONAL,7.17
2025-10-28T02:00:00,ZONE-PAINT-SHOP,2450.7,2009.57,23,1884.93,373.9,71.2,SHIFT-A,1.0,OPERATIONAL,30.68
2025-10-28T02:00:00,ZONE-BODY-SHOP,1226.88,1006.04,22,604.16,0.0,18.7,SHIFT-A,1.0,OPERATIONAL,17.18
2025-10-28T02:00:00,ZONE-ASSEMBLY,1285.08,1053.76,18,836.12,0.0,26.3,SHIFT-A,1.0,OPERATIONAL,12.6
2025-10-28T02:00:00,ZONE-CASTING,2916.88,2391.84,26,0.0,713.39,204.1,SHIFT-A,1.0,OPERATIONAL,21.48
2025-10-28T02:00:00,ZONE-BATTERY,1395.18,1144.04,25,0.0,0.0,21.0,SHIFT-A,1.0,OPERATIONAL,10.88
2025-10-28T02:00:00,ZONE-HVAC-UTILITIES,702.33,575.91,20,0.0,0.0,22.4,SHIFT-A,1.0,OPERATIONAL,7.17
2025-10-28T03:00:00,ZONE-PAINT-SHOP,2835.32,2324.97,15,1643.08,253.31,116.5,SHIFT-A,1.0,OPERATIONAL,30.68
2025-10-28T03:00:00,ZONE-BODY-SHOP,2420.44,1984.76,30,1855.48,0.0,21.4,SHIFT-A,1.0,OPERATIONAL,17.18
2025-10-28T03:00:00,ZONE-ASSEMBLY,1607.81,1318.41,24,1391.45,0.0,20.1,SHIFT-A,1.0,OPERATIONAL,12.6
2025-10-28T03:00:00,ZONE-CASTING,1963.66,1610.2,17,0.0,265.87,284.7,SHIFT-A,1.0,OPERATIONAL,21.48
2025-10-28T03:00:00,ZONE-BATTERY,860.98,706.0,25,0.0,0.0,27.1,SHIFT-A,1.0,OPERATIONAL,10.88
2025-10-28T03:00:00,ZONE-HVAC-UTILITIES,893.33,732.53,18,0.0,0.0,24.7,SHIFT-A,1.0,OPERATIONAL,7.17
2025-10-28T04:00:00,ZONE-PAINT-SHOP,2278.75,1868.57,29,1912.96,456.47,177.9,SHIFT-A,1.0,OPERATIONAL,30.68
2025-10-28T04:00:00,ZONE-BODY-SHOP,1906.74,1563.53,18,1004.14,0.0,21.6,SHIFT-A,1.0,OPERATIONAL,17.18
2025-10-28T04:00:00,ZONE-ASSEMBLY,1153.06,945.51,21,812.96,0.0,21.4,SHIFT-A,1.0,OPERATIONAL,12.6
2025-10-28T04:00:00,ZONE-CASTING,2247.42,1842.89,29,0.0,241.15,218.4,SHIFT-A,1.0,OPERATIONAL,21.48
2025-10-28T04:00:00,ZONE-BATTERY,1244.66,1020.62,19,0.0,0.0,21.8,SHIFT-A,1.0,OPERATIONAL,10.88
2025-10-28T04:00:00,ZONE-HVAC-UTILITIES,942.56,772.9,28,0.0,0.0,24.5,SHIFT-A,1.0,OPERATIONAL,7.17
2025-10-28T05:00:00,ZONE-PAINT-SHOP,2682.49,2199.64,17,1018.69,531.26,135.7,SHIFT-A,1.0,OPERATIONAL,30.68
2025-10-28T05:00:00,ZONE-BODY-SHOP,1308.29,1072.8,23,1284.16,0.0,26.4,SHIFT-A,1.0,OPERATIONAL,17.18
2025-10-28T05:00:00,ZONE-ASSEMBLY,1180.48,968.0,28,1600.33,0.0,21.7,SHIFT-A,1.0,OPERATIONAL,12.6
2025-10-28T05:00:00,ZONE-CASTING,2643.25,2167.46,20,0.0,229.73,146.3,SHIFT-A,1.0,OPERATIONAL,21.48
2025-10-28T05:00:00,ZONE-BATTERY,1012.2,830.0,28,0.0,0.0,24.7,SHIFT-A,1.0,OPERATIONAL,10.88
2025-10-28T05:00:00,ZONE-HVAC-UTILITIES,779.67,639.33,20,0.0,0.0,27.4,SHIFT-A,1.0,OPERATIONAL,7.17
2025-10-28T06:00:00,ZONE-PAINT-SHOP,2437.1,1998.42,25,1258.3,666.56,150.9,SHIFT-A,1.0,OPERATIONAL,30.68
2025-10-28T06:00:00,ZONE-BODY-SHOP,1506.2,1235.09,16,1132.42,0.0,23.4,SHIFT-A,1.0,OPERATIONAL,17.18
2025-10-28T06:00:00,ZONE-ASSEMBLY,1151.48,944.21,24,1030.64,0.0,19.5,SHIFT-A,1.0,OPERATIONAL,12.6
2025-10-28T06:00:00,ZONE-CASTING,1545.87,1267.61,22,0.0,657.86,261.8,SHIFT-A,1.0,OPERATIONAL,21.48
2025-10-28T06:00:00,ZONE-BATTERY,1418.49,1163.16,18,0.0,0.0,27.8,SHIFT-A,1.0,OPERATIONAL,10.88
2025-10-28T06:00:00,ZONE-HVAC-UTILITIES,782.21,641.41,26,0.0,0.0,26.0,SHIFT-A,1.0,OPERATIONAL,7.17
2025-10-28T07:00:00,ZONE-PAINT-SHOP,2343.29,1921.5,24,1097.13,275.54,145.3,SHIFT-A,1.0,OPERATIONAL,30.68
2025-10-28T07:00:00,ZONE-BODY-SHOP,1443.44,1183.62,20,1916.34,0.0,21.6,SHIFT-A,1.0,OPERATIONAL,17.18
2025-10-28T07:00:00,ZONE-ASSEMBLY,1184.25,971.09,22,1564.77,0.0,18.7,SHIFT-A,1.0,OPERATIONAL,12.6
2025-10-28T07:00:00,ZONE-CASTING,1650.92,1353.75,27,0.0,296.84,195.1,SHIFT-A,1.0,OPERATIONAL,21.48
2025-10-28T07:00:00,ZONE-BATTERY,896.89,735.45,19,0.0,0.0,23.6,SHIFT-A,1.0,OPERATIONAL,10.88
2025-10-28T07:00:00,ZONE-HVAC-UTILITIES,621.18,509.37,24,0.0,0.0,20.7,SHIFT-A,1.0,OPERATIONAL,7.17
2025-10-28T08:00:00,ZONE-PAINT-SHOP,2235.57,1833.17,17,527.01,535.22,146.7,SHIFT-B,1.0,OPERATIONAL,30.68
2025-10-28T08:00:00,ZONE-BODY-SHOP,1549.33,1270.45,19,1768.08,0.0,18.9,SHIFT-B,1.0,OPERATIONAL,17.18
2025-10-28T08:00:00,ZONE-ASSEMBLY,1664.17,1364.62,29,738.16,0.0,24.7,SHIFT-B,1.0,OPERATIONAL,12.6
2025-10-28T08:00:00,ZONE-CASTING,2799.37,2295.49,22,0.0,329.09,192.0,SHIFT-B,1.0,OPERATIONAL,21.48
2025-10-28T08:00:00,ZONE-BATTERY,1434.29,1176.11,24,0.0,0.0,24.0,SHIFT-B,1.0,OPERATIONAL,10.88
2025-10-28T08:00:00,ZONE-HVAC-UTILITIES,610.03,500.23,24,0.0,0.0,21.7,SHIFT-B,1.0,OPERATIONAL,7.17
2025-10-28T09:00:00,ZONE-PAINT-SHOP,3824.33,3135.95,15,1900.15,721.01,62.3,SHIFT-B,1.0,OPERATIONAL,30.68
2025-10-28T09:00:00,ZONE-BODY-SHOP,1969.05,1614.62,24,535.44,0.0,19.2,SHIFT-B,1.0,OPERATIONAL,17.18
2025-10-28T09:00:00,ZONE-ASSEMBLY,1068.39,876.08,21,1599.68,0.0,21.7,SHIFT-B,1.0,OPERATIONAL,12.6
2025-10-28T09:00:00,ZONE-CASTING,2751.46,2256.2,26,0.0,394.45,223.0,SHIFT-B,1.0,OPERATIONAL,21.48
2025-10-28T09:00:00,ZONE-BATTERY,978.13,802.07,19,0.0,0.0,19.5,SHIFT-B,1.0,OPERATIONAL,10.88
2025-10-28T09:00:00,ZONE-HVAC-UTILITIES,677.8,555.79,16,0.0,0.0,20.6,SHIFT-B,1.0,OPERATIONAL,7.17
2025-10-28T10:00:00,ZONE-PAINT-SHOP,3804.88,3120.0,29,788.62,294.23,158.8,SHIFT-B,1.0,OPERATIONAL,30.68
2025-10-28T10:00:00,ZONE-BODY-SHOP,1370.91,1124.15,16,1473.18,0.0,18.3,SHIFT-B,1.0,OPERATIONAL,17.18
2025-10-28T10:00:00,ZONE-ASSEMBLY,1280.23,1049.79,15,1010.56,0.0,27.2,SHIFT-B,1.0,OPERATIONAL,12.6
2025-10-28T10:00:00,ZONE-CASTING,2367.49,1941.34,17,0.0,544.35,169.1,SHIFT-B,1.0,OPERATIONAL,21.48
2025-10-28T10:00:00,ZONE-BATTERY,1499.56,1229.64,21,0.0,0.0,26.5,SHIFT-B,1.0,OPERATIONAL,10.88
2025-10-28T10:00:00,ZONE-HVAC-UTILITIES,516.32,423.38,16,0.0,0.0,23.7,SHIFT-B,1.0,OPERATIONAL,7.17
2025-10-28T11:00:00,ZONE-PAINT-SHOP,2259.0,1852.38,16,710.19,463.94,130.1,SHIFT-B,1.0,OPERATIONAL,30.68
2025-10-28T11:00:00,ZONE-BODY-SHOP,1752.35,1436.93,27,1472.89,0.0,21.2,SHIFT-B,1.0,OPERATIONAL,17.18
2025-10-28T11:00:00,ZONE-ASSEMBLY,1568.96,1286.55,27,658.67,0.0,24.5,SHIFT-B,1.0,OPERATIONAL,12.6
2025-10-28T11:00:00,ZONE-CASTING,2850.25,2337.21,17,0.0,351.87,199.7,SHIFT-B,1.0,OPERATIONAL,21.48
2025-10-28T11:00:00,ZONE-BATTERY,1318.72,1081.35,30,0.0,0.0,18.8,SHIFT-B,1.0,OPERATIONAL,10.88
2025-10-28T11:00:00,ZONE-HVAC-UTILITIES,518.83,425.44,28,0.0,0.0,23.1,SHIFT-B,1.0,OPERATIONAL,7.17
2025-10-28T12:00:00,ZONE-PAINT-SHOP,2374.29,1946.92,25,1859.9,307.44,126.5,SHIFT-B,1.0,OPERATIONAL,30.68
2025-10-28T12:00:00,ZONE-BODY-SHOP,1772.25,1453.24,25,818.2,0.0,21.8,SHIFT-B,1.0,OPERATIONAL,17.18
2025-10-28T12:00:00,ZONE-ASSEMBLY,1005.29,824.34,30,1068.27,0.0,20.1,SHIFT-B,1.0,OPERATIONAL,12.6
2025-10-28T12:00:00,ZONE-CASTING,1819.4,1491.91,20,0.0,685.45,190.9,SHIFT-B,1.0,OPERATIONAL,21.48
2025-10-28T12:00:00,ZONE-BATTERY,1130.55,927.05,24,0.0,0.0,20.1,SHIFT-B,1.0,OPERATIONAL,10.88
2025-10-28T12:00:00,ZONE-HVAC-UTILITIES,566.9,464.86,25,0.0,0.0,19.9,SHIFT-B,1.0,OPERATIONAL,7.17
2025-10-28T13:00:00,ZONE-PAINT-SHOP,3663.79,3004.31,24,1104.42,361.11,117.5,SHIFT-B,1.0,OPERATIONAL,30.68
2025-10-28T13:00:00,ZONE-BODY-SHOP,2111.66,1731.56,17,1709.43,0.0,25.8,SHIFT-B,1.0,OPERATIONAL,17.18
2025-10-28T13:00:00,ZONE-ASSEMBLY,841.93,690.38,15,619.79,0.0,25.0,SHIFT-B,1.0,OPERATIONAL,12.6
2025-10-28T13:00:00,ZONE-CASTING,1674.64,1373.21,24,0.0,287.6,150.5,SHIFT-B,1.0,OPERATIONAL,21.48
2025-10-28T13:00:00,ZONE-BATTERY,997.5,817.95,24,0.0,0.0,21.2,SHIFT-B,1.0,OPERATIONAL,10.88
2025-10-28T13:00:00,ZONE-HVAC-UTILITIES,542.3,444.69,23,0.0,0.0,22.7,SHIFT-B,1.0,OPERATIONAL,7.17
2025-10-28T14:00:00,ZONE-PAINT-SHOP,3553.6,2913.95,19,1214.4,257.53,148.0,SHIFT-B,1.0,OPERATIONAL,30.68
2025-10-28T14:00:00,ZONE-BODY-SHOP,1237.78,1014.98,19,977.02,0.0,22.0,SHIFT-B,1.0,OPERATIONAL,17.18
2025-10-28T14:00:00,ZONE-ASSEMBLY,1328.06,1089.01,22,1887.6,0.0,20.5,SHIFT-B,1.0,OPERATIONAL,12.6
2025-10-28T14:00:00,ZONE-CASTING,2334.59,1914.36,18,0.0,432.46,182.6,SHIFT-B,1.0,OPERATIONAL,21.48
2025-10-28T14:00:00,ZONE-BATTERY,922.34,756.32,24,0.0,0.0,27.3,SHIFT-B,1.0,OPERATIONAL,10.88
2025-10-28T14:00:00,ZONE-HVAC-UTILITIES,815.96,669.09,23,0.0,0.0,18.8,SHIFT-B,1.0,OPERATIONAL,7.17
2025-10-28T15:00:00,ZONE-PAINT-SHOP,3291.8,2699.27,17,1566.31,232.03,139.6,SHIFT-B,1.0,OPERATIONAL,30.68
2025-10-28T15:00:00,ZONE-BODY-SHOP,1972.7,1617.61,30,892.9,0.0,25.4,SHIFT-B,1.0,OPERATIONAL,17.18
2025-10-28T15:00:00,ZONE-ASSEMBLY,1007.69,826.3,28,553.07,0.0,26.7,SHIFT-B,1.0,OPERATIONAL,12.6
2025-10-28T15:00:00,ZONE-CASTING,2473.87,2028.57,21,0.0,307.85,136.7,SHIFT-B,1.0,OPERATIONAL,21.48
2025-10-28T15:00:00,ZONE-BATTERY,1261.58,1034.5,16,0.0,0.0,26.0,SHIFT-B,1.0,OPERATIONAL,10.88
2025-10-28T15:00:00,ZONE-HVAC-UTILITIES,709.73,581.98,28,0.0,0.0,25.1,SHIFT-B,1.0,OPERATIONAL,7.17
2025-10-28T16:00:00,ZONE-PAINT-SHOP,4337.35,3556.62,0,917.47,589.32,113.9,SHIFT-C,0.28,STANDBY,30.68
2025-10-28T16:00:00,ZONE-BODY-SHOP,2209.96,1812.17,2,1681.58,0.0,23.9,SHIFT-C,1.0,OPERATIONAL,17.18
2025-10-28T16:00:00,ZONE-ASSEMBLY,1235.13,1012.81,5,1950.09,0.0,22.6,SHIFT-C,1.0,OPERATIONAL,12.6
2025-10-28T16:00:00,ZONE-CASTING,2015.63,1652.81,0,0.0,206.38,100.7,SHIFT-C,0.6,STANDBY,21.48
2025-10-28T16:00:00,ZONE-BATTERY,1025.41,840.83,4,0.0,0.0,26.7,SHIFT-C,1.0,OPERATIONAL,10.88
2025-10-28T16:00:00,ZONE-HVAC-UTILITIES,706.42,579.26,8,0.0,0.0,18.0,SHIFT-C,1.0,OPERATIONAL,7.17
2025-10-28T17:00:00,ZONE-PAINT-SHOP,2052.94,1683.41,0,590.89,567.73,158.7,SHIFT-C,0.58,STANDBY,30.68
2025-10-28T17:00:00,ZONE-BODY-SHOP,1792.98,1470.24,6,1746.37,0.0,18.2,SHIFT-C,1.0,OPERATIONAL,17.18
2025-10-28T17:00:00,ZONE-ASSEMBLY,1226.88,1006.04,5,1205.92,0.0,21.3,SHIFT-C,1.0,OPERATIONAL,12.6
2025-10-28T17:00:00,ZONE-CASTING,2146.25,1759.92,8,0.0,352.63,249.7,SHIFT-C,1.0,OPERATIONAL,21.48
2025-10-28T17:00:00,ZONE-BATTERY,1324.72,1086.27,7,0.0,0.0,24.7,SHIFT-C,1.0,OPERATIONAL,10.88
2025-10-28T17:00:00,ZONE-HVAC-UTILITIES,827.61,678.64,9,0.0,0.0,19.6,SHIFT-C,1.0,OPERATIONAL,7.17
2025-10-28T18:00:00,ZONE-PAINT-SHOP,4939.18,4050.12,0,1050.19,711.51,171.0,SHIFT-C,0.24,STANDBY,30.68
2025-10-28T18:00:00,ZONE-BODY-SHOP,1228.61,1007.46,7,1375.35,0.0,26.1,SHIFT-C,1.0,OPERATIONAL,17.18
2025-10-28T18:00:00,ZONE-ASSEMBLY,1412.03,1157.87,10,553.95,0.0,24.6,SHIFT-C,1.0,OPERATIONAL,12.6
2025-10-28T18:00:00,ZONE-CASTING,2524.61,2070.18,6,0.0,792.09,134.2,SHIFT-C,1.0,OPERATIONAL,21.48
2025-10-28T18:00:00,ZONE-BATTERY,1413.53,1159.09,7,0.0,0.0,27.3,SHIFT-C,1.0,OPERATIONAL,10.88
2025-10-28T18:00:00,ZONE-HVAC-UTILITIES,970.39,795.72,7,0.0,0.0,24.1,SHIFT-C,1.0,OPERATIONAL,7.17
2025-10-28T19:00:00,ZONE-PAINT-SHOP,2009.0,1647.38,8,556.69,222.84,87.8,SHIFT-C,1.0,OPERATIONAL,30.68
2025-10-28T19:00:00,ZONE-BODY-SHOP,1817.66,1490.48,8,1326.14,0.0,24.1,SHIFT-C,1.0,OPERATIONAL,17.18
2025-10-28T19:00:00,ZONE-ASSEMBLY,1198.25,982.56,10,972.64,0.0,23.1,SHIFT-C,1.0,OPERATIONAL,12.6
2025-10-28T19:00:00,ZONE-CASTING,2479.28,2033.01,10,0.0,510.21,188.2,SHIFT-C,1.0,OPERATIONAL,21.48
2025-10-28T19:00:00,ZONE-BATTERY,951.53,780.26,3,0.0,0.0,27.2,SHIFT-C,1.0,OPERATIONAL,10.88
2025-10-28T19:00:00,ZONE-HVAC-UTILITIES,609.86,500.09,5,0.0,0.0,23.3,SHIFT-C,1.0,OPERATIONAL,7.17
2025-10-28T20:00:00,ZONE-PAINT-SHOP,3759.05,3082.43,0,1076.12,504.0,157.6,SHIFT-C,0.32,STANDBY,30.68
2025-10-28T20:00:00,ZONE-BODY-SHOP,2488.61,2040.66,0,1206.25,0.0,23.5,SHIFT-C,0.48,STANDBY,17.18
2025-10-28T20:00:00,ZONE-ASSEMBLY,1319.74,1082.19,4,1897.33,0.0,20.7,SHIFT-C,1.0,OPERATIONAL,12.6
2025-10-28T20:00:00,ZONE-CASTING,2814.3,2307.72,8,0.0,417.5,157.4,SHIFT-C,1.0,OPERATIONAL,21.48
2025-10-28T20:00:00,ZONE-BATTERY,1104.53,905.71,7,0.0,0.0,19.0,SHIFT-C,1.0,OPERATIONAL,10.88
2025-10-28T20:00:00,ZONE-HVAC-UTILITIES,627.32,514.4,2,0.0,0.0,24.8,SHIFT-C,1.0,OPERATIONAL,7.17
2025-10-28T21:00:00,ZONE-PAINT-SHOP,3565.05,2923.34,0,906.16,447.47,153.9,SHIFT-C,0.34,STANDBY,30.68
2025-10-28T21:00:00,ZONE-BODY-SHOP,2405.65,1972.64,10,1028.96,0.0,20.1,SHIFT-C,1.0,OPERATIONAL,17.18
2025-10-28T21:00:00,ZONE-ASSEMBLY,872.7,715.61,3,1793.04,0.0,21.7,SHIFT-C,1.0,OPERATIONAL,12.6
2025-10-28T21:00:00,ZONE-CASTING,2313.44,1897.02,3,0.0,589.2,285.3,SHIFT-C,1.0,OPERATIONAL,21.48
2025-10-28T21:00:00,ZONE-BATTERY,1429.99,1172.59,6,0.0,0.0,26.7,SHIFT-C,1.0,OPERATIONAL,10.88
2025-10-28T21:00:00,ZONE-HVAC-UTILITIES,745.18,611.05,4,0.0,0.0,24.5,SHIFT-C,1.0,OPERATIONAL,7.17
2025-10-28T22:00:00,ZONE-PAINT-SHOP,2836.24,2325.72,0,862.51,620.61,82.7,SHIFT-C,0.42,STANDBY,30.68
2025-10-28T22:00:00,ZONE-BODY-SHOP,1750.82,1435.67,1,1947.68,0.0,18.0,SHIFT-C,0.69,OPERATIONAL,17.18
2025-10-28T22:00:00,ZONE-ASSEMBLY,1341.96,1100.41,5,1867.95,0.0,26.3,SHIFT-C,1.0,OPERATIONAL,12.6
2025-10-28T22:00:00,ZONE-CASTING,2945.35,2415.19,1,0.0,798.07,224.8,SHIFT-C,0.41,OPERATIONAL,21.48
2025-10-28T22:00:00,ZONE-BATTERY,1116.59,915.6,8,0.0,0.0,18.5,SHIFT-C,1.0,OPERATIONAL,10.88
2025-10-28T22:00:00,ZONE-HVAC-UTILITIES,849.64,696.7,0,0.0,0.0,20.2,SHIFT-C,1.0,STANDBY,7.17
2025-10-28T23:00:00,ZONE-PAINT-SHOP,2016.54,1653.56,9,1952.52,383.14,99.4,SHIFT-C,1.0,OPERATIONAL,30.68
2025-10-28T23:00:00,ZONE-BODY-SHOP,1582.36,1297.53,4,1054.67,0.0,23.9,SHIFT-C,1.0,OPERATIONAL,17.18
2025-10-28T23:00:00,ZONE-ASSEMBLY,892.41,731.78,4,1480.57,0.0,23.3,SHIFT-C,1.0,OPERATIONAL,12.6
2025-10-28T23:00:00,ZONE-CASTING,2840.13,2328.91,3,0.0,390.54,242.3,SHIFT-C,1.0,OPERATIONAL,21.48
2025-10-28T23:00:00,ZONE-BATTERY,1205.82,988.77,7,0.0,0.0,25.9,SHIFT-C,1.0,OPERATIONAL,10.88
2025-10-28T23:00:00,ZONE-HVAC-UTILITIES,551.86,452.53,4,0.0,0.0,25.6,SHIFT-C,1.0,OPERATIONAL,7.17
2025-10-29T00:00:00,ZONE-PAINT-SHOP,2272.73,1863.64,20,1617.75,764.36,152.7,SHIFT-A,1.0,OPERATIONAL,30.68
2025-10-29T00:00:00,ZONE-BODY-SHOP,1047.49,858.94,18,780.16,0.0,18.1,SHIFT-A,1.0,OPERATIONAL,17.18
2025-10-29T00:00:00,ZONE-ASSEMBLY,1718.92,1409.51,23,671.29,0.0,19.2,SHIFT-A,1.0,OPERATIONAL,12.6
2025-10-29T00:00:00,ZONE-CASTING,1989.34,1631.26,16,0.0,455.09,278.3,SHIFT-A,1.0,OPERATIONAL,21.48
2025-10-29T00:00:00,ZONE-BATTERY,1101.99,903.63,26,0.0,0.0,18.8,SHIFT-A,1.0,OPERATIONAL,10.88
2025-10-29T00:00:00,ZONE-HVAC-UTILITIES,601.74,493.43,15,0.0,0.0,27.5,SHIFT-A,1.0,OPERATIONAL,7.17
2025-10-29T01:00:00,ZONE-PAINT-SHOP,2579.72,2115.37,19,1551.73,588.02,125.3,SHIFT-A,1.0,OPERATIONAL,30.68
2025-10-29T01:00:00,ZONE-BODY-SHOP,2338.21,1917.33,17,1028.76,0.0,27.0,SHIFT-A,1.0,OPERATIONAL,17.18
2025-10-29T01:00:00,ZONE-ASSEMBLY,1228.09,1007.03,21,1738.71,0.0,18.8,SHIFT-A,1.0,OPERATIONAL,12.6
2025-10-29T01:00:00,ZONE-CASTING,2904.98,2382.08,28,0.0,779.29,234.9,SHIFT-A,1.0,OPERATIONAL,21.48
2025-10-29T01:00:00,ZONE-BATTERY,1449.16,1188.31,23,0.0,0.0,23.0,SHIFT-A,1.0,OPERATIONAL,10.88
2025-10-29T01:00:00,ZONE-HVAC-UTILITIES,778.61,638.46,29,0.0,0.0,19.9,SHIFT-A,1.0,OPERATIONAL,7.17
2025-10-29T02:00:00,ZONE-PAINT-SHOP,2767.51,2269.36,30,1610.65,600.1,146.9,SHIFT-A,1.0,OPERATIONAL,30.68
2025-10-29T02:00:00,ZONE-BODY-SHOP,2240.69,1837.37,18,554.06,0.0,28.0,SHIFT-A,1.0,OPERATIONAL,17.18
2025-10-29T02:00:00,ZONE-ASSEMBLY,1670.12,1369.49,21,782.79,0.0,18.5,SHIFT-A,1.0,OPERATIONAL,12.6
2025-10-29T02:00:00,ZONE-CASTING,2593.6,2126.75,19,0.0,203.99,295.6,SHIFT-A,1.0,OPERATIONAL,21.48
2025-10-29T02:00:00,ZONE-BATTERY,961.95,788.8,21,0.0,0.0,27.4,SHIFT-A,1.0,OPERATIONAL,10.88
2025-10-29T02:00:00,ZONE-HVAC-UTILITIES,955.35,783.38,19,0.0,0.0,26.8,SHIFT-A,1.0,OPERATIONAL,7.17
2025-10-29T03:00:00,ZONE-PAINT-SHOP,2001.86,1641.52,28,714.28,545.06,170.8,SHIFT-A,1.0,OPERATIONAL,30.68
2025-10-29T03:00:00,ZONE-BODY-SHOP,1778.94,1458.73,21,1781.58,0.0,24.2,SHIFT-A,1.0,OPERATIONAL,17.18
2025-10-29T03:00:00,ZONE-ASSEMBLY,1338.29,1097.4,20,1577.34,0.0,23.6,SHIFT-A,1.0,OPERATIONAL,12.6
2025-10-29T03:00:00,ZONE-CASTING,1885.03,1545.73,24,0.0,695.44,288.5,SHIFT-A,1.0,OPERATIONAL,21.48
2025-10-29T03:00:00,ZONE-BATTERY,1081.67,886.97,18,0.0,0.0,18.6,SHIFT-A,1.0,OPERATIONAL,10.88
2025-10-29T03:00:00,ZONE-HVAC-UTILITIES,660.68,541.75,15,0.0,0.0,26.8,SHIFT-A,1.0,OPERATIONAL,7.17
2025-10-29T04:00:00,ZONE-PAINT-SHOP,2494.06,2045.13,26,547.22,310.18,127.7,SHIFT-A,1.0,OPERATIONAL,30.68
2025-10-29T04:00:00,ZONE-BODY-SHOP,1007.86,826.44,26,873.71,0.0,22.5,SHIFT-A,1.0,OPERATIONAL,17.18
2025-10-29T04:00:00,ZONE-ASSEMBLY,1118.91,917.5,27,589.63,0.0,24.2,SHIFT-A,1.0,OPERATIONAL,12.6
2025-10-29T04:00:00,ZONE-CASTING,2602.09,2133.72,19,0.0,562.04,104.6,SHIFT-A,1.0,OPERATIONAL,21.48
2025-10-29T04:00:00,ZONE-BATTERY,1067.73,875.54,27,0.0,0.0,20.4,SHIFT-A,1.0,OPERATIONAL,10.88
2025-10-29T04:00:00,ZONE-HVAC-UTILITIES,522.28,428.27,25,0.0,0.0,27.7,SHIFT-A,1.0,OPERATIONAL,7.17
2025-10-29T05:00:00,ZONE-PAINT-SHOP,3238.39,2655.48,25,838.88,667.59,165.2,SHIFT-A,1.0,OPERATIONAL,30.68
2025-10-29T05:00:00,ZONE-BODY-SHOP,1336.19,1095.67,21,1297.6,0.0,19.6,SHIFT-A,1.0,OPERATIONAL,17.18
2025-10-29T05:00:00,ZONE-ASSEMBLY,1543.14,1265.38,16,1608.04,0.0,27.0,SHIFT-A,1.0,OPERATIONAL,12.6
2025-10-29T05:00:00,ZONE-CASTING,1529.17,1253.92,19,0.0,733.33,193.3,SHIFT-A,1.0,OPERATIONAL,21.48
2025-10-29T05:00:00,ZONE-BATTERY,1366.0,1120.12,24,0.0,0.0,24.7,SHIFT-A,1.0,OPERATIONAL,10.88
2025-10-29T05:00:00,ZONE-HVAC-UTILITIES,588.75,482.78,22,0.0,0.0,26.6,SHIFT-A,1.0,OPERATIONAL,7.17
2025-10-29T06:00:00,ZONE-PAINT-SHOP,2771.64,2272.75,25,1363.35,406.57,127.0,SHIFT-A,1.0,OPERATIONAL,30.68
2025-10-29T06:00:00,ZONE-BODY-SHOP,2313.3,1896.91,21,1277.0,0.0,20.2,SHIFT-A,1.0,OPERATIONAL,17.18
2025-10-29T06:00:00,ZONE-ASSEMBLY,830.22,680.78,22,505.39,0.0,20.2,SHIFT-A,1.0,OPERATIONAL,12.6
2025-10-29T06:00:00,ZONE-CASTING,2344.82,1922.75,22,0.0,554.24,192.5,SHIFT-A,1.0,OPERATIONAL,21.48
2025-10-29T06:00:00,ZONE-BATTERY,1090.53,894.24,30,0.0,0.0,23.9,SHIFT-A,1.0,OPERATIONAL,10.88
2025-10-29T06:00:00,ZONE-HVAC-UTILITIES,723.58,593.34,30,0.0,0.0,20.8,SHIFT-A,1.0,OPERATIONAL,7.17
2025-10-29T07:00:00,ZONE-PAINT-SHOP,3281.13,2690.53,26,1161.21,407.85,127.2,SHIFT-A,1.0,OPERATIONAL,30.68
2025-10-29T07:00:00,ZONE-BODY-SHOP,1815.02,1488.32,15,593.92,0.0,25.6,SHIFT-A,1.0,OPERATIONAL,17.18
2025-10-29T07:00:00,ZONE-ASSEMBLY,1608.4,1318.89,26,1217.22,0.0,23.5,SHIFT-A,1.0,OPERATIONAL,12.6
2025-10-29T07:00:00,ZONE-CASTING,2289.83,1877.66,16,0.0,418.43,217.8,SHIFT-A,1.0,OPERATIONAL,21.48
2025-10-29T07:00:00,ZONE-BATTERY,782.61,641.74,22,0.0,0.0,19.0,SHIFT-A,1.0,OPERATIONAL,10.88
2025-10-29T07:00:00,ZONE-HVAC-UTILITIES,680.69,558.17,29,0.0,0.0,23.0,SHIFT-A,1.0,OPERATIONAL,7.17
2025-10-29T08:00:00,ZONE-PAINT-SHOP,2870.3,2353.65,21,582.92,293.97,116.7,SHIFT-B,1.0,OPERATIONAL,30.68
2025-10-29T08:00:00,ZONE-BODY-SHOP,1927.05,1580.18,22,1361.7,0.0,24.5,SHIFT-B,1.0,OPERATIONAL,17.18
2025-10-29T08:00:00,ZONE-ASSEMBLY,1435.31,1176.95,30,1228.3,0.0,24.8,SHIFT-B,1.0,OPERATIONAL,12.6
2025-10-29T08:00:00,ZONE-CASTING,1556.41,1276.26,17,0.0,726.27,286.6,SHIFT-B,1.0,OPERATIONAL,21.48
2025-10-29T08:00:00,ZONE-BATTERY,922.85,756.73,28,0.0,0.0,24.8,SHIFT-B,1.0,OPERATIONAL,10.88
2025-10-29T08:00:00,ZONE-HVAC-UTILITIES,741.29,607.86,26,0.0,0.0,19.5,SHIFT-B,1.0,OPERATIONAL,7.17
2025-10-29T09:00:00,ZONE-PAINT-SHOP,2869.25,2352.78,19,1801.14,571.54,166.0,SHIFT-B,1.0,OPERATIONAL,30.68
2025-10-29T09:00:00,ZONE-BODY-SHOP,2123.57,1741.33,22,521.62,0.0,18.3,SHIFT-B,1.0,OPERATIONAL,17.18
2025-10-29T09:00:00,ZONE-ASSEMBLY,942.48,772.84,29,1964.21,0.0,24.6,SHIFT-B,1.0,OPERATIONAL,12.6
2025-10-29T09:00:00,ZONE-CASTING,2563.25,2101.86,23,0.0,471.06,299.0,SHIFT-B,1.0,OPERATIONAL,21.48
2025-10-29T09:00:00,ZONE-BATTERY,1102.27,903.86,25,0.0,0.0,27.2,SHIFT-B,1.0,OPERATIONAL,10.88
2025-10-29T09:00:00,ZONE-HVAC-UTILITIES,979.41,803.12,20,0.0,0.0,18.5,SHIFT-B,1.0,OPERATIONAL,7.17
2025-10-29T10:00:00,ZONE-PAINT-SHOP,3345.66,2743.44,28,1998.13,425.02,165.9,SHIFT-B,1.0,OPERATIONAL,30.68
2025-10-29T10:00:00,ZONE-BODY-SHOP,2340.64,1919.32,27,530.6,0.0,24.6,SHIFT-B,1.0,OPERATIONAL,17.18
2025-10-29T10:00:00,ZONE-ASSEMBLY,1743.75,1429.87,16,612.34,0.0,22.3,SHIFT-B,1.0,OPERATIONAL,12.6
2025-10-29T10:00:00,ZONE-CASTING,2602.17,2133.78,16,0.0,279.82,277.6,SHIFT-B,1.0,OPERATIONAL,21.48
2025-10-29T10:00:00,ZONE-BATTERY,1198.98,983.17,24,0.0,0.0,21.1,SHIFT-B,1.0,OPERATIONAL,10.88
2025-10-29T10:00:00,ZONE-HVAC-UTILITIES,941.48,772.01,27,0.0,0.0,19.0,SHIFT-B,1.0,OPERATIONAL,7.17
2025-10-29T11:00:00,ZONE-PAINT-SHOP,3359.04,2754.41,29,977.22,426.03,97.1,SHIFT-B,1.0,OPERATIONAL,30.68
2025-10-29T11:00:00,ZONE-BODY-SHOP,1221.53,1001.66,16,1724.86,0.0,27.9,SHIFT-B,1.0,OPERATIONAL,17.18
2025-10-29T11:00:00,ZONE-ASSEMBLY,1058.0,867.56,16,1366.71,0.0,18.8,SHIFT-B,1.0,OPERATIONAL,12.6
2025-10-29T11:00:00,ZONE-CASTING,1625.29,1332.73,18,0.0,290.83,158.1,SHIFT-B,1.0,OPERATIONAL,21.48
2025-10-29T11:00:00,ZONE-BATTERY,1319.33,1081.85,28,0.0,0.0,20.2,SHIFT-B,1.0,OPERATIONAL,10.88
2025-10-29T11:00:00,ZONE-HVAC-UTILITIES,539.53,442.41,25,0.0,0.0,22.0,SHIFT-B,1.0,OPERATIONAL,7.17
2025-10-29T12:00:00,ZONE-PAINT-SHOP,3398.49,2786.76,21,1362.95,622.62,95.7,SHIFT-B,1.0,OPERATIONAL,30.68
2025-10-29T12:00:00,ZONE-BODY-SHOP,2178.14,1786.08,18,532.25,0.0,27.9,SHIFT-B,1.0,OPERATIONAL,17.18
2025-10-29T12:00:00,ZONE-ASSEMBLY,1577.97,1293.94,16,630.39,0.0,22.3,SHIFT-B,1.0,OPERATIONAL,12.6
2025-10-29T12:00:00,ZONE-CASTING,1981.94,1625.19,23,0.0,334.58,128.8,SHIFT-B,1.0,OPERATIONAL,21.48
2025-10-29T12:00:00,ZONE-BATTERY,733.6,601.55,30,0.0,0.0,23.5,SHIFT-B,1.0,OPERATIONAL,10.88
2025-10-29T12:00:00,ZONE-HVAC-UTILITIES,964.38,790.79,23,0.0,0.0,25.1,SHIFT-B,1.0,OPERATIONAL,7.17
2025-10-29T13:00:00,ZONE-PAINT-SHOP,3006.8,2465.58,27,1371.01,674.56,91.9,SHIFT-B,1.0,OPERATIONAL,30.68
2025-10-29T13:00:00,ZONE-BODY-SHOP,2136.66,1752.06,19,1155.01,0.0,23.6,SHIFT-B,1.0,OPERATIONAL,17.18
2025-10-29T13:00:00,ZONE-ASSEMBLY,1760.16,1443.33,23,625.96,0.0,25.7,SHIFT-B,1.0,OPERATIONAL,12.6
2025-10-29T13:00:00,ZONE-CASTING,2443.42,2003.6,21,0.0,310.36,195.6,SHIFT-B,1.0,OPERATIONAL,21.48
2025-10-29T13:00:00,ZONE-BATTERY,1177.33,965.41,26,0.0,0.0,26.5,SHIFT-B,1.0,OPERATIONAL,10.88
2025-10-29T13:00:00,ZONE-HVAC-UTILITIES,890.71,730.38,21,0.0,0.0,19.2,SHIFT-B,1.0,OPERATIONAL,7.17
2025-10-29T14:00:00,ZONE-PAINT-SHOP,3102.49,2544.04,20,974.76,594.98,134.3,SHIFT-B,1.0,OPERATIONAL,30.68
2025-10-29T14:00:00,ZONE-BODY-SHOP,2216.62,1817.63,15,1762.96,0.0,27.9,SHIFT-B,1.0,OPERATIONAL,17.18
2025-10-29T14:00:00,ZONE-ASSEMBLY,1429.07,1171.84,18,1855.1,0.0,19.2,SHIFT-B,1.0,OPERATIONAL,12.6
2025-10-29T14:00:00,ZONE-CASTING,1574.8,1291.34,15,0.0,327.4,149.6,SHIFT-B,1.0,OPERATIONAL,21.48
2025-10-29T14:00:00,ZONE-BATTERY,1437.81,1179.01,15,0.0,0.0,25.2,SHIFT-B,1.0,OPERATIONAL,10.88
2025-10-29T14:00:00,ZONE-HVAC-UTILITIES,909.73,745.98,16,0.0,0.0,22.2,SHIFT-B,1.0,OPERATIONAL,7.17
2025-10-29T15:00:00,ZONE-PAINT-SHOP,2567.01,2104.94,25,1188.25,410.37,128.6,SHIFT-B,1.0,OPERATIONAL,30.68
2025-10-29T15:00:00,ZONE-BODY-SHOP,1833.99,1503.87,28,1659.08,0.0,26.7,SHIFT-B,1.0,OPERATIONAL,17.18
2025-10-29T15:00:00,ZONE-ASSEMBLY,914.27,749.7,21,1419.56,0.0,24.2,SHIFT-B,1.0,OPERATIONAL,12.6
2025-10-29T15:00:00,ZONE-CASTING,2991.28,2452.85,22,0.0,556.85,235.3,SHIFT-B,1.0,OPERATIONAL,21.48
2025-10-29T15:00:00,ZONE-BATTERY,1332.46,1092.62,28,0.0,0.0,19.4,SHIFT-B,1.0,OPERATIONAL,10.88
2025-10-29T15:00:00,ZONE-HVAC-UTILITIES,668.24,547.95,22,0.0,0.0,18.4,SHIFT-B,1.0,OPERATIONAL,7.17
2025-10-29T16:00:00,ZONE-PAINT-SHOP,3414.56,2799.94,0,807.62,750.65,163.7,SHIFT-C,0.35,STANDBY,30.68
2025-10-29T16:00:00,ZONE-BODY-SHOP,1508.85,1237.25,0,952.64,0.0,25.1,SHIFT-C,0.8,STANDBY,17.18
2025-10-29T16:00:00,ZONE-ASSEMBLY,1654.22,1356.46,4,1956.05,0.0,25.3,SHIFT-C,1.0,OPERATIONAL,12.6
2025-10-29T16:00:00,ZONE-CASTING,2114.74,1734.08,4,0.0,606.26,129.1,SHIFT-C,1.0,OPERATIONAL,21.48
2025-10-29T16:00:00,ZONE-BATTERY,1365.82,1119.97,5,0.0,0.0,21.0,SHIFT-C,1.0,OPERATIONAL,10.88
2025-10-29T16:00:00,ZONE-HVAC-UTILITIES,603.81,495.13,8,0.0,0.0,27.6,SHIFT-C,1.0,OPERATIONAL,7.17
2025-10-29T17:00:00,ZONE-PAINT-SHOP,3687.46,3023.72,4,1381.22,267.59,74.1,SHIFT-C,1.0,OPERATIONAL,30.68
2025-10-29T17:00:00,ZONE-BODY-SHOP,1704.75,1397.89,7,1881.45,0.0,27.1,SHIFT-C,1.0,OPERATIONAL,17.18
2025-10-29T17:00:00,ZONE-ASSEMBLY,1786.45,1464.89,7,609.28,0.0,18.8,SHIFT-C,1.0,OPERATIONAL,12.6
2025-10-29T17:00:00,ZONE-CASTING,1541.03,1263.64,10,0.0,665.14,160.5,SHIFT-C,1.0,OPERATIONAL,21.48
2025-10-29T17:00:00,ZONE-BATTERY,965.6,791.79,2,0.0,0.0,23.0,SHIFT-C,1.0,OPERATIONAL,10.88
2025-10-29T17:00:00,ZONE-HVAC-UTILITIES,796.2,652.89,0,0.0,0.0,26.7,SHIFT-C,1.0,STANDBY,7.17
2025-10-29T18:00:00,ZONE-PAINT-SHOP,3464.32,2840.75,0,278.59,482.18,87.6,SHIFT-C,0.35,STANDBY,30.68
2025-10-29T18:00:00,ZONE-BODY-SHOP,2069.68,1697.14,0,634.69,0.0,19.9,SHIFT-C,0.58,STANDBY,17.18
2025-10-29T18:00:00,ZONE-ASSEMBLY,1314.84,1078.17,10,1511.72,0.0,23.8,SHIFT-C,1.0,OPERATIONAL,12.6
2025-10-29T18:00:00,ZONE-CASTING,2374.51,1947.1,1,0.0,606.91,161.4,SHIFT-C,0.51,OPERATIONAL,21.48
2025-10-29T18:00:00,ZONE-BATTERY,1310.82,1074.87,7,0.0,0.0,27.8,SHIFT-C,1.0,OPERATIONAL,10.88
2025-10-29T18:00:00,ZONE-HVAC-UTILITIES,980.19,803.76,3,0.0,0.0,24.4,SHIFT-C,1.0,OPERATIONAL,7.17
2025-10-29T19:00:00,ZONE-PAINT-SHOP,3484.35,2857.17,3,1291.78,658.04,75.7,SHIFT-C,1.0,OPERATIONAL,30.68
2025-10-29T19:00:00,ZONE-BODY-SHOP,1042.86,855.15,6,602.89,0.0,21.8,SHIFT-C,1.0,OPERATIONAL,17.18
2025-10-29T19:00:00,ZONE-ASSEMBLY,1321.06,1083.27,10,1353.6,0.0,27.4,SHIFT-C,1.0,OPERATIONAL,12.6
2025-10-29T19:00:00,ZONE-CASTING,2099.73,1721.78,3,0.0,265.58,153.0,SHIFT-C,1.0,OPERATIONAL,21.48
2025-10-29T19:00:00,ZONE-BATTERY,1204.54,987.72,4,0.0,0.0,25.8,SHIFT-C,1.0,OPERATIONAL,10.88
2025-10-29T19:00:00,ZONE-HVAC-UTILITIES,932.0,764.24,7,0.0,0.0,23.4,SHIFT-C,1.0,OPERATIONAL,7.17
2025-10-29T20:00:00,ZONE-PAINT-SHOP,4695.22,3850.08,0,617.89,728.8,173.1,SHIFT-C,0.26,STANDBY,30.68
2025-10-29T20:00:00,ZONE-BODY-SHOP,2380.41,1951.94,2,1390.71,0.0,18.8,SHIFT-C,1.0,OPERATIONAL,17.18
2025-10-29T20:00:00,ZONE-ASSEMBLY,897.39,735.86,7,1590.2,0.0,19.3,SHIFT-C,1.0,OPERATIONAL,12.6
2025-10-29T20:00:00,ZONE-CASTING,1880.28,1541.83,1,0.0,734.69,197.4,SHIFT-C,0.64,OPERATIONAL,21.48
2025-10-29T20:00:00,ZONE-BATTERY,1061.5,870.43,4,0.0,0.0,20.6,SHIFT-C,1.0,OPERATIONAL,10.88
2025-10-29T20:00:00,ZONE-HVAC-UTILITIES,654.8,536.93,9,0.0,0.0,28.0,SHIFT-C,1.0,OPERATIONAL,7.17
2025-10-29T21:00:00,ZONE-PAINT-SHOP,2567.74,2105.54,8,1876.61,458.67,113.4,SHIFT-C,1.0,OPERATIONAL,30.68
2025-10-29T21:00:00,ZONE-BODY-SHOP,2143.68,1757.82,9,1799.03,0.0,23.1,SHIFT-C,1.0,OPERATIONAL,17.18
2025-10-29T21:00:00,ZONE-ASSEMBLY,1170.11,959.49,1,772.44,0.0,26.1,SHIFT-C,1.0,OPERATIONAL,12.6
2025-10-29T21:00:00,ZONE-CASTING,1677.14,1375.26,2,0.0,359.1,240.6,SHIFT-C,1.0,OPERATIONAL,21.48
2025-10-29T21:00:00,ZONE-BATTERY,1398.57,1146.83,0,0.0,0.0,19.4,SHIFT-C,0.86,STANDBY,10.88
2025-10-29T21:00:00,ZONE-HVAC-UTILITIES,730.99,599.41,2,0.0,0.0,23.9,SHIFT-C,1.0,OPERATIONAL,7.17
2025-10-29T22:00:00,ZONE-PAINT-SHOP,3199.41,2623.52,0,458.09,259.62,178.6,SHIFT-C,0.38,STANDBY,30.68
2025-10-29T22:00:00,ZONE-BODY-SHOP,2135.0,1750.7,2,1049.53,0.0,23.8,SHIFT-C,1.0,OPERATIONAL,17.18
2025-10-29T22:00:00,ZONE-ASSEMBLY,1485.12,1217.8,8,804.36,0.0,26.8,SHIFT-C,1.0,OPERATIONAL,12.6
2025-10-29T22:00:00,ZONE-CASTING,2248.98,1844.17,5,0.0,636.43,190.4,SHIFT-C,1.0,OPERATIONAL,21.48
2025-10-29T22:00:00,ZONE-BATTERY,907.5,744.15,6,0.0,0.0,21.7,SHIFT-C,1.0,OPERATIONAL,10.88
2025-10-29T22:00:00,ZONE-HVAC-UTILITIES,777.95,637.92,4,0.0,0.0,27.4,SHIFT-C,1.0,OPERATIONAL,7.17
2025-10-29T23:00:00,ZONE-PAINT-SHOP,4147.7,3401.11,0,520.24,444.1,75.7,SHIFT-C,0.29,STANDBY,30.68
2025-10-29T23:00:00,ZONE-BODY-SHOP,2357.31,1932.99,10,678.64,0.0,22.1,SHIFT-C,1.0,OPERATIONAL,17.18
2025-10-29T23:00:00,ZONE-ASSEMBLY,1296.77,1063.35,1,1988.09,0.0,25.0,SHIFT-C,0.93,OPERATIONAL,12.6
2025-10-29T23:00:00,ZONE-CASTING,2120.29,1738.64,6,0.0,553.75,267.3,SHIFT-C,1.0,OPERATIONAL,21.48
2025-10-29T23:00:00,ZONE-BATTERY,1147.94,941.31,7,0.0,0.0,20.3,SHIFT-C,1.0,OPERATIONAL,10.88
2025-10-29T23:00:00,ZONE-HVAC-UTILITIES,987.62,809.85,5,0.0,0.0,25.4,SHIFT-C,1.0,OPERATIONAL,7.17
2025-10-30T00:00:00,ZONE-PAINT-SHOP,2464.52,2020.91,22,1250.94,676.43,117.0,SHIFT-A,1.0,OPERATIONAL,30.68
2025-10-30T00:00:00,ZONE-BODY-SHOP,1637.4,1342.67,25,1580.99,0.0,28.0,SHIFT-A,1.0,OPERATIONAL,17.18
2025-10-30T00:00:00,ZONE-ASSEMBLY,1736.29,1423.76,19,1213.66,0.0,25.8,SHIFT-A,1.0,OPERATIONAL,12.6
2025-10-30T00:00:00,ZONE-CASTING,1594.2,1307.24,19,0.0,326.27,188.3,SHIFT-A,1.0,OPERATIONAL,21.48
2025-10-30T00:00:00,ZONE-BATTERY,1395.74,1144.5,19,0.0,0.0,21.4,SHIFT-A,1.0,OPERATIONAL,10.88
2025-10-30T00:00:00,ZONE-HVAC-UTILITIES,951.48,780.22,28,0.0,0.0,19.6,SHIFT-A,1.0,OPERATIONAL,7.17
2025-10-30T01:00:00,ZONE-PAINT-SHOP,2783.77,2282.69,20,1661.25,262.73,144.7,SHIFT-A,1.0,OPERATIONAL,30.68
2025-10-30T01:00:00,ZONE-BODY-SHOP,1918.66,1573.3,16,1344.18,0.0,27.3,SHIFT-A,1.0,OPERATIONAL,17.18
2025-10-30T01:00:00,ZONE-ASSEMBLY,1350.6,1107.49,24,1352.35,0.0,21.6,SHIFT-A,1.0,OPERATIONAL,12.6
2025-10-30T01:00:00,ZONE-CASTING,1512.0,1239.84,20,0.0,392.94,147.8,SHIFT-A,1.0,OPERATIONAL,21.48
2025-10-30T01:00:00,ZONE-BATTERY,1046.04,857.75,21,0.0,0.0,20.7,SHIFT-A,1.0,OPERATIONAL,10.88
2025-10-30T01:00:00,ZONE-HVAC-UTILITIES,592.55,485.89,28,0.0,0.0,20.9,SHIFT-A,1.0,OPERATIONAL,7.17
2025-10-30T02:00:00,ZONE-PAINT-SHOP,3984.04,3266.91,17,1460.76,358.24,165.9,SHIFT-A,1.0,OPERATIONAL,30.68
2025-10-30T02:00:00,ZONE-BODY-SHOP,1009.78,828.02,15,1798.99,0.0,22.6,SHIFT-A,1.0,OPERATIONAL,17.18
2025-10-30T02:00:00,ZONE-ASSEMBLY,962.74,789.44,16,848.95,0.0,22.6,SHIFT-A,1.0,OPERATIONAL,12.6
2025-10-30T02:00:00,ZONE-CASTING,2275.72,1866.09,22,0.0,672.62,294.6,SHIFT-A,1.0,OPERATIONAL,21.48
2025-10-30T02:00:00,ZONE-BATTERY,1247.67,1023.09,16,0.0,0.0,27.8,SHIFT-A,1.0,OPERATIONAL,10.88
2025-10-30T02:00:00,ZONE-HVAC-UTILITIES,606.4,497.25,27,0.0,0.0,18.6,SHIFT-A,1.0,OPERATIONAL,7.17
2025-10-30T03:00:00,ZONE-PAINT-SHOP,2157.21,1768.91,18,1757.82,245.14,146.2,SHIFT-A,1.0,OPERATIONAL,30.68
2025-10-30T03:00:00,ZONE-BODY-SHOP,1185.9,972.43,17,1871.15,0.0,22.8,SHIFT-A,1.0,OPERATIONAL,17.18
2025-10-30T03:00:00,ZONE-ASSEMBLY,1677.66,1375.68,22,740.2,0.0,22.4,SHIFT-A,1.0,OPERATIONAL,12.6
2025-10-30T03:00:00,ZONE-CASTING,1921.89,1575.95,17,0.0,540.69,117.0,SHIFT-A,1.0,OPERATIONAL,21.48
2025-10-30T03:00:00,ZONE-BATTERY,1440.76,1181.42,22,0.0,0.0,25.4,SHIFT-A,1.0,OPERATIONAL,10.88
2025-10-30T03:00:00,ZONE-HVAC-UTILITIES,976.48,800.72,17,0.0,0.0,21.7,SHIFT-A,1.0,OPERATIONAL,7.17
2025-10-30T04:00:00,ZONE-PAINT-SHOP,2500.59,2050.49,30,797.97,509.81,85.0,SHIFT-A,1.0,OPERATIONAL,30.68
2025-10-30T04:00:00,ZONE-BODY-SHOP,1922.64,1576.57,26,1219.06,0.0,21.9,SHIFT-A,1.0,OPERATIONAL,17.18
2025-10-30T04:00:00,ZONE-ASSEMBLY,1744.75,1430.69,24,916.85,0.0,27.7,SHIFT-A,1.0,OPERATIONAL,12.6
2025-10-30T04:00:00,ZONE-CASTING,2594.41,2127.42,19,0.0,634.9,118.6,SHIFT-A,1.0,OPERATIONAL,21.48
2025-10-30T04:00:00,ZONE-BATTERY,1342.54,1100.88,19,0.0,0.0,27.6,SHIFT-A,1.0,OPERATIONAL,10.88
2025-10-30T04:00:00,ZONE-HVAC-UTILITIES,861.52,706.45,22,0.0,0.0,24.8,SHIFT-A,1.0,OPERATIONAL,7.17
2025-10-30T05:00:00,ZONE-PAINT-SHOP,3338.87,2737.87,15,1284.52,315.02,178.4,SHIFT-A,1.0,OPERATIONAL,30.68
2025-10-30T05:00:00,ZONE-BODY-SHOP,2200.5,1804.41,15,1511.57,0.0,20.2,SHIFT-A,1.0,OPERATIONAL,17.18
2025-10-30T05:00:00,ZONE-ASSEMBLY,1096.74,899.32,30,1940.24,0.0,20.2,SHIFT-A,1.0,OPERATIONAL,12.6
2025-10-30T05:00:00,ZONE-CASTING,2355.07,1931.15,15,0.0,743.2,206.7,SHIFT-A,1.0,OPERATIONAL,21.48
2025-10-30T05:00:00,ZONE-BATTERY,1275.43,1045.85,19,0.0,0.0,20.8,SHIFT-A,1.0,OPERATIONAL,10.88
2025-10-30T05:00:00,ZONE-HVAC-UTILITIES,981.55,804.87,21,0.0,0.0,19.5,SHIFT-A,1.0,OPERATIONAL,7.17
2025-10-30T06:00:00,ZONE-PAINT-SHOP,3953.96,3242.24,30,1773.24,354.33,92.8,SHIFT-A,1.0,OPERATIONAL,30.68
2025-10-30T06:00:00,ZONE-BODY-SHOP,1072.62,879.55,16,526.07,0.0,18.7,SHIFT-A,1.0,OPERATIONAL,17.18
2025-10-30T06:00:00,ZONE-ASSEMBLY,1677.99,1375.95,16,1870.48,0.0,24.2,SHIFT-A,1.0,OPERATIONAL,12.6
2025-10-30T06:00:00,ZONE-CASTING,2437.91,1999.09,23,0.0,233.11,210.7,SHIFT-A,1.0,OPERATIONAL,21.48
2025-10-30T06:00:00,ZONE-BATTERY,795.86,652.6,30,0.0,0.0,23.7,SHIFT-A,1.0,OPERATIONAL,10.88
2025-10-30T06:00:00,ZONE-HVAC-UTILITIES,624.11,511.77,26,0.0,0.0,27.7,SHIFT-A,1.0,OPERATIONAL,7.17
2025-10-30T07:00:00,ZONE-PAINT-SHOP,3349.05,2746.22,17,506.14,237.46,91.2,SHIFT-A,1.0,OPERATIONAL,30.68
2025-10-30T07:00:00,ZONE-BODY-SHOP,2122.63,1740.55,20,1394.93,0.0,24.0,SHIFT-A,1.0,OPERATIONAL,17.18
2025-10-30T07:00:00,ZONE-ASSEMBLY,1559.06,1278.43,26,1203.26,0.0,26.4,SHIFT-A,1.0,OPERATIONAL,12.6
2025-10-30T07:00:00,ZONE-CASTING,2826.0,2317.32,25,0.0,766.94,176.6,SHIFT-A,1.0,OPERATIONAL,21.48
2025-10-30T07:00:00,ZONE-BATTERY,1083.26,888.28,22,0.0,0.0,27.7,SHIFT-A,1.0,OPERATIONAL,10.88
2025-10-30T07:00:00,ZONE-HVAC-UTILITIES,568.95,466.54,27,0.0,0.0,22.0,SHIFT-A,1.0,OPERATIONAL,7.17
2025-10-30T08:00:00,ZONE-PAINT-SHOP,2423.66,1987.4,29,884.98,237.4,151.4,SHIFT-B,1.0,OPERATIONAL,30.68
2025-10-30T08:00:00,ZONE-BODY-SHOP,2492.15,2043.56,19,1902.08,0.0,25.9,SHIFT-B,1.0,OPERATIONAL,17.18
2025-10-30T08:00:00,ZONE-ASSEMBLY,1759.76,1443.0,16,1630.41,0.0,24.8,SHIFT-B,1.0,OPERATIONAL,12.6
2025-10-30T08:00:00,ZONE-CASTING,2263.98,1856.47,17,0.0,382.65,182.3,SHIFT-B,1.0,OPERATIONAL,21.48
2025-10-30T08:00:00,ZONE-BATTERY,846.86,694.43,17,0.0,0.0,23.6,SHIFT-B,1.0,OPERATIONAL,10.88
2025-10-30T08:00:00,ZONE-HVAC-UTILITIES,717.28,588.17,26,0.0,0.0,20.9,SHIFT-B,1.0,OPERATIONAL,7.17
2025-10-30T09:00:00,ZONE-PAINT-SHOP,3019.71,2476.17,23,1625.58,546.33,109.1,SHIFT-B,1.0,OPERATIONAL,30.68
2025-10-30T09:00:00,ZONE-BODY-SHOP,1051.85,862.52,15,1519.75,0.0,19.2,SHIFT-B,1.0,OPERATIONAL,17.18
2025-10-30T09:00:00,ZONE-ASSEMBLY,1185.3,971.94,29,1080.63,0.0,26.5,SHIFT-B,1.0,OPERATIONAL,12.6
2025-10-30T09:00:00,ZONE-CASTING,1606.59,1317.4,26,0.0,610.52,262.0,SHIFT-B,1.0,OPERATIONAL,21.48
2025-10-30T09:00:00,ZONE-BATTERY,1150.75,943.62,19,0.0,0.0,24.3,SHIFT-B,1.0,OPERATIONAL,10.88
2025-10-30T09:00:00,ZONE-HVAC-UTILITIES,977.11,801.23,22,0.0,0.0,24.3,SHIFT-B,1.0,OPERATIONAL,7.17
2025-10-30T10:00:00,ZONE-PAINT-SHOP,3301.65,2707.36,24,1118.59,513.34,172.5,SHIFT-B,1.0,OPERATIONAL,30.68
2025-10-30T10:00:00,ZONE-BODY-SHOP,1380.25,1131.8,15,1107.98,0.0,18.9,SHIFT-B,1.0,OPERATIONAL,17.18
2025-10-30T10:00:00,ZONE-ASSEMBLY,1631.8,1338.08,28,1374.02,0.0,25.4,SHIFT-B,1.0,OPERATIONAL,12.6
2025-10-30T10:00:00,ZONE-CASTING,2271.97,1863.02,20,0.0,288.26,135.8,SHIFT-B,1.0,OPERATIONAL,21.48
2025-10-30T10:00:00,ZONE-BATTERY,1285.36,1054.0,18,0.0,0.0,19.7,SHIFT-B,1.0,OPERATIONAL,10.88
2025-10-30T10:00:00,ZONE-HVAC-UTILITIES,599.99,491.99,15,0.0,0.0,20.2,SHIFT-B,1.0,OPERATIONAL,7.17
2025-10-30T11:00:00,ZONE-PAINT-SHOP,3932.28,3224.47,28,940.0,534.86,142.9,SHIFT-B,1.0,OPERATIONAL,30.68
2025-10-30T11:00:00,ZONE-BODY-SHOP,1454.64,1192.8,30,1701.67,0.0,25.7,SHIFT-B,1.0,OPERATIONAL,17.18
2025-10-30T11:00:00,ZONE-ASSEMBLY,1665.53,1365.73,18,975.17,0.0,27.6,SHIFT-B,1.0,OPERATIONAL,12.6
2025-10-30T11:00:00,ZONE-CASTING,2778.03,2277.99,17,0.0,589.57,241.7,SHIFT-B,1.0,OPERATIONAL,21.48
2025-10-30T11:00:00,ZONE-BATTERY,1380.12,1131.7,27,0.0,0.0,22.1,SHIFT-B,1.0,OPERATIONAL,10.88
2025-10-30T11:00:00,ZONE-HVAC-UTILITIES,857.06,702.79,26,0.0,0.0,26.0,SHIFT-B,1.0,OPERATIONAL,7.17
2025-10-30T12:00:00,ZONE-PAINT-SHOP,2697.68,2212.1,26,570.0,241.28,89.9,SHIFT-B,1.0,OPERATIONAL,30.68
2025-10-30T12:00:00,ZONE-BODY-SHOP,1412.52,1158.27,27,1632.77,0.0,20.1,SHIFT-B,1.0,OPERATIONAL,17.18
2025-10-30T12:00:00,ZONE-ASSEMBLY,894.31,733.33,22,1949.79,0.0,20.0,SHIFT-B,1.0,OPERATIONAL,12.6
2025-10-30T12:00:00,ZONE-CASTING,2471.1,2026.3,23,0.0,233.82,210.7,SHIFT-B,1.0,OPERATIONAL,21.48
2025-10-30T12:00:00,ZONE-BATTERY,1361.19,1116.18,27,0.0,0.0,23.1,SHIFT-B,1.0,OPERATIONAL,10.88
2025-10-30T12:00:00,ZONE-HVAC-UTILITIES,707.77,580.37,15,0.0,0.0,27.1,SHIFT-B,1.0,OPERATIONAL,7.17
2025-10-30T13:00:00,ZONE-PAINT-SHOP,3814.81,3128.14,27,1765.21,564.83,132.0,SHIFT-B,1.0,OPERATIONAL,30.68
2025-10-30T13:00:00,ZONE-BODY-SHOP,2414.95,1980.26,28,1505.95,0.0,25.4,SHIFT-B,1.0,OPERATIONAL,17.18
2025-10-30T13:00:00,ZONE-ASSEMBLY,1096.74,899.32,20,754.59,0.0,21.4,SHIFT-B,1.0,OPERATIONAL,12.6
2025-10-30T13:00:00,ZONE-CASTING,2769.52,2271.01,18,0.0,749.59,195.7,SHIFT-B,1.0,OPERATIONAL,21.48
2025-10-30T13:00:00,ZONE-BATTERY,917.87,752.65,22,0.0,0.0,19.6,SHIFT-B,1.0,OPERATIONAL,10.88
2025-10-30T13:00:00,ZONE-HVAC-UTILITIES,690.18,565.95,15,0.0,0.0,25.0,SHIFT-B,1.0,OPERATIONAL,7.17
2025-10-30T14:00:00,ZONE-PAINT-SHOP,3972.34,3257.32,20,1200.6,708.95,104.1,SHIFT-B,1.0,OPERATIONAL,30.68
2025-10-30T14:00:00,ZONE-BODY-SHOP,2356.43,1932.28,28,1912.43,0.0,24.6,SHIFT-B,1.0,OPERATIONAL,17.18
2025-10-30T14:00:00,ZONE-ASSEMBLY,1090.94,894.57,17,1175.45,0.0,18.9,SHIFT-B,1.0,OPERATIONAL,12.6
2025-10-30T14:00:00,ZONE-CASTING,2684.11,2200.97,15,0.0,545.68,121.9,SHIFT-B,1.0,OPERATIONAL,21.48
2025-10-30T14:00:00,ZONE-BATTERY,732.21,600.42,19,0.0,0.0,21.9,SHIFT-B,1.0,OPERATIONAL,10.88
2025-10-30T14:00:00,ZONE-HVAC-UTILITIES,633.08,519.13,21,0.0,0.0,25.3,SHIFT-B,1.0,OPERATIONAL,7.17
2025-10-30T15:00:00,ZONE-PAINT-SHOP,3190.95,2616.58,15,1481.33,352.62,177.2,SHIFT-B,1.0,OPERATIONAL,30.68
2025-10-30T15:00:00,ZONE-BODY-SHOP,2392.87,1962.15,21,1437.65,0.0,24.2,SHIFT-B,1.0,OPERATIONAL,17.18
2025-10-30T15:00:00,ZONE-ASSEMBLY,957.45,785.11,27,740.57,0.0,19.0,SHIFT-B,1.0,OPERATIONAL,12.6
2025-10-30T15:00:00,ZONE-CASTING,1771.64,1452.74,28,0.0,309.19,239.5,SHIFT-B,1.0,OPERATIONAL,21.48
2025-10-30T15:00:00,ZONE-BATTERY,917.23,752.13,26,0.0,0.0,26.3,SHIFT-B,1.0,OPERATIONAL,10.88
2025-10-30T15:00:00,ZONE-HVAC-UTILITIES,876.45,718.69,20,0.0,0.0,20.6,SHIFT-B,1.0,OPERATIONAL,7.17
2025-10-30T16:00:00,ZONE-PAINT-SHOP,3462.51,2839.26,0,1674.42,357.53,102.5,SHIFT-C,0.35,STANDBY,30.68
2025-10-30T16:00:00,ZONE-BODY-SHOP,1294.64,1061.6,1,1955.28,0.0,27.8,SHIFT-C,0.93,OPERATIONAL,17.18
2025-10-30T16:00:00,ZONE-ASSEMBLY,1617.05,1325.98,0,317.97,0.0,23.7,SHIFT-C,0.74,STANDBY,12.6
2025-10-30T16:00:00,ZONE-CASTING,1961.24,1608.21,10,0.0,218.6,106.1,SHIFT-C,1.0,OPERATIONAL,21.48
2025-10-30T16:00:00,ZONE-BATTERY,1012.07,829.9,5,0.0,0.0,27.2,SHIFT-C,1.0,OPERATIONAL,10.88
2025-10-30T16:00:00,ZONE-HVAC-UTILITIES,867.99,711.75,10,0.0,0.0,18.0,SHIFT-C,1.0,OPERATIONAL,7.17
2025-10-30T17:00:00,ZONE-PAINT-SHOP,3914.6,3209.97,7,1219.75,232.81,136.9,SHIFT-C,1.0,OPERATIONAL,30.68
2025-10-30T17:00:00,ZONE-BODY-SHOP,1292.7,1060.01,6,1749.06,0.0,23.0,SHIFT-C,1.0,OPERATIONAL,17.18
2025-10-30T17:00:00,ZONE-ASSEMBLY,1020.94,837.17,6,514.8,0.0,21.3,SHIFT-C,1.0,OPERATIONAL,12.6
2025-10-30T17:00:00,ZONE-CASTING,2873.44,2356.22,7,0.0,401.01,124.6,SHIFT-C,1.0,OPERATIONAL,21.48
2025-10-30T17:00:00,ZONE-BATTERY,1432.29,1174.48,6,0.0,0.0,25.9,SHIFT-C,1.0,OPERATIONAL,10.88
2025-10-30T17:00:00,ZONE-HVAC-UTILITIES,719.81,590.25,10,0.0,0.0,19.7,SHIFT-C,1.0,OPERATIONAL,7.17
2025-10-30T18:00:00,ZONE-PAINT-SHOP,3469.92,2845.33,10,535.02,506.22,94.6,SHIFT-C,1.0,OPERATIONAL,30.68
2025-10-30T18:00:00,ZONE-BODY-SHOP,1900.01,1558.01,7,1700.15,0.0,27.9,SHIFT-C,1.0,OPERATIONAL,17.18
2025-10-30T18:00:00,ZONE-ASSEMBLY,988.52,810.59,0,551.09,0.0,19.9,SHIFT-C,1.0,STANDBY,12.6
2025-10-30T18:00:00,ZONE-CASTING,1996.0,1636.72,1,0.0,309.79,207.0,SHIFT-C,0.6,OPERATIONAL,21.48
2025-10-30T18:00:00,ZONE-BATTERY,1225.6,1004.99,1,0.0,0.0,23.9,SHIFT-C,0.98,OPERATIONAL,10.88
2025-10-30T18:00:00,ZONE-HVAC-UTILITIES,918.28,752.99,7,0.0,0.0,19.7,SHIFT-C,1.0,OPERATIONAL,7.17
2025-10-30T19:00:00,ZONE-PAINT-SHOP,3353.4,2749.79,0,1060.39,304.37,93.6,SHIFT-C,0.36,STANDBY,30.68
2025-10-30T19:00:00,ZONE-BODY-SHOP,1203.62,986.97,1,1297.79,0.0,19.2,SHIFT-C,1.0,OPERATIONAL,17.18
2025-10-30T19:00:00,ZONE-ASSEMBLY,1571.78,1288.86,9,563.63,0.0,23.3,SHIFT-C,1.0,OPERATIONAL,12.6
2025-10-30T19:00:00,ZONE-CASTING,2749.81,2254.85,6,0.0,776.65,293.8,SHIFT-C,1.0,OPERATIONAL,21.48
2025-10-30T19:00:00,ZONE-BATTERY,1066.0,874.12,0,0.0,0.0,23.0,SHIFT-C,1.0,STANDBY,10.88
2025-10-30T19:00:00,ZONE-HVAC-UTILITIES,529.62,434.29,5,0.0,0.0,23.3,SHIFT-C,1.0,OPERATIONAL,7.17
2025-10-30T20:00:00,ZONE-PAINT-SHOP,3730.29,3058.84,9,1279.59,570.64,107.0,SHIFT-C,1.0,OPERATIONAL,30.68
2025-10-30T20:00:00,ZONE-BODY-SHOP,1224.85,1004.38,3,899.29,0.0,22.3,SHIFT-C,1.0,OPERATIONAL,17.18
2025-10-30T20:00:00,ZONE-ASSEMBLY,1676.8,1374.98,10,938.77,0.0,27.0,SHIFT-C,1.0,OPERATIONAL,12.6
2025-10-30T20:00:00,ZONE-CASTING,1676.11,1374.41,1,0.0,332.42,192.3,SHIFT-C,0.72,OPERATIONAL,21.48
2025-10-30T20:00:00,ZONE-BATTERY,1469.7,1205.15,8,0.0,0.0,18.2,SHIFT-C,1.0,OPERATIONAL,10.88
2025-10-30T20:00:00,ZONE-HVAC-UTILITIES,848.49,695.76,2,0.0,0.0,19.3,SHIFT-C,1.0,OPERATIONAL,7.17
2025-10-30T21:00:00,ZONE-PAINT-SHOP,3002.6,2462.13,4,1756.35,242.35,121.4,SHIFT-C,1.0,OPERATIONAL,30.68
2025-10-30T21:00:00,ZONE-BODY-SHOP,2194.35,1799.37,4,1631.32,0.0,23.2,SHIFT-C,1.0,OPERATIONAL,17.18
2025-10-30T21:00:00,ZONE-ASSEMBLY,1665.53,1365.73,9,1478.14,0.0,19.3,SHIFT-C,1.0,OPERATIONAL,12.6
2025-10-30T21:00:00,ZONE-CASTING,1756.73,1440.52,9,0.0,474.8,119.3,SHIFT-C,1.0,OPERATIONAL,21.48
2025-10-30T21:00:00,ZONE-BATTERY,1273.17,1044.0,2,0.0,0.0,22.9,SHIFT-C,1.0,OPERATIONAL,10.88
2025-10-30T21:00:00,ZONE-HVAC-UTILITIES,703.09,576.53,7,0.0,0.0,20.4,SHIFT-C,1.0,OPERATIONAL,7.17
2025-10-30T22:00:00,ZONE-PAINT-SHOP,3446.22,2825.9,0,1074.81,466.69,92.7,SHIFT-C,0.35,STANDBY,30.68
2025-10-30T22:00:00,ZONE-BODY-SHOP,2118.95,1737.54,10,949.0,0.0,24.3,SHIFT-C,1.0,OPERATIONAL,17.18
2025-10-30T22:00:00,ZONE-ASSEMBLY,1593.18,1306.41,3,570.56,0.0,20.9,SHIFT-C,1.0,OPERATIONAL,12.6
2025-10-30T22:00:00,ZONE-CASTING,1663.33,1363.93,8,0.0,589.18,101.2,SHIFT-C,1.0,OPERATIONAL,21.48
2025-10-30T22:00:00,ZONE-BATTERY,874.61,717.18,7,0.0,0.0,18.4,SHIFT-C,1.0,OPERATIONAL,10.88
2025-10-30T22:00:00,ZONE-HVAC-UTILITIES,599.3,491.42,10,0.0,0.0,25.5,SHIFT-C,1.0,OPERATIONAL,7.17
2025-10-30T23:00:00,ZONE-PAINT-SHOP,3060.87,2509.91,8,1000.19,305.48,98.7,SHIFT-C,1.0,OPERATIONAL,30.68
2025-10-30T23:00:00,ZONE-BODY-SHOP,1744.17,1430.22,7,987.56,0.0,18.9,SHIFT-C,1.0,OPERATIONAL,17.18
2025-10-30T23:00:00,ZONE-ASSEMBLY,963.82,790.33,0,1385.11,0.0,26.0,SHIFT-C,1.0,STANDBY,12.6
2025-10-30T23:00:00,ZONE-CASTING,2843.08,2331.33,5,0.0,583.71,185.7,SHIFT-C,1.0,OPERATIONAL,21.48
2025-10-30T23:00:00,ZONE-BATTERY,1106.17,907.06,4,0.0,0.0,28.0,SHIFT-C,1.0,OPERATIONAL,10.88
2025-10-30T23:00:00,ZONE-HVAC-UTILITIES,663.36,543.95,9,0.0,0.0,19.5,SHIFT-C,1.0,OPERATIONAL,7.17
2025-10-31T00:00:00,ZONE-PAINT-SHOP,3117.19,2556.1,21,1138.08,292.03,72.1,SHIFT-A,1.0,OPERATIONAL,30.68
2025-10-31T00:00:00,ZONE-BODY-SHOP,1909.32,1565.64,19,1281.58,0.0,27.3,SHIFT-A,1.0,OPERATIONAL,17.18
2025-10-31T00:00:00,ZONE-ASSEMBLY,1553.01,1273.47,23,1441.98,0.0,22.2,SHIFT-A,1.0,OPERATIONAL,12.6
2025-10-31T00:00:00,ZONE-CASTING,2224.95,1824.46,30,0.0,734.15,194.1,SHIFT-A,1.0,OPERATIONAL,21.48
2025-10-31T00:00:00,ZONE-BATTERY,1165.21,955.48,23,0.0,0.0,18.4,SHIFT-A,1.0,OPERATIONAL,10.88
2025-10-31T00:00:00,ZONE-HVAC-UTILITIES,795.92,652.65,15,0.0,0.0,23.5,SHIFT-A,1.0,OPERATIONAL,7.17
2025-10-31T01:00:00,ZONE-PAINT-SHOP,2649.36,2172.47,23,1362.72,235.12,97.8,SHIFT-A,1.0,OPERATIONAL,30.68
2025-10-31T01:00:00,ZONE-BODY-SHOP,1535.77,1259.33,27,1056.12,0.0,21.2,SHIFT-A,1.0,OPERATIONAL,17.18
2025-10-31T01:00:00,ZONE-ASSEMBLY,1002.48,822.04,27,1076.14,0.0,27.8,SHIFT-A,1.0,OPERATIONAL,12.6
2025-10-31T01:00:00,ZONE-CASTING,2506.54,2055.36,18,0.0,326.72,289.7,SHIFT-A,1.0,OPERATIONAL,21.48
2025-10-31T01:00:00,ZONE-BATTERY,818.71,671.34,15,0.0,0.0,26.3,SHIFT-A,1.0,OPERATIONAL,10.88
2025-10-31T01:00:00,ZONE-HVAC-UTILITIES,501.64,411.34,29,0.0,0.0,27.8,SHIFT-A,1.0,OPERATIONAL,7.17
2025-10-31T02:00:00,ZONE-PAINT-SHOP,3090.38,2534.11,24,511.98,203.78,102.5,SHIFT-A,1.0,OPERATIONAL,30.68
2025-10-31T02:00:00,ZONE-BODY-SHOP,1158.15,949.68,15,1116.62,0.0,21.1,SHIFT-A,1.0,OPERATIONAL,17.18
2025-10-31T02:00:00,ZONE-ASSEMBLY,1633.25,1339.26,18,1061.63,0.0,24.6,SHIFT-A,1.0,OPERATIONAL,12.6
2025-10-31T02:00:00,ZONE-CASTING,2043.0,1675.26,18,0.0,419.6,265.2,SHIFT-A,1.0,OPERATIONAL,21.48
2025-10-31T02:00:00,ZONE-BATTERY,727.03,596.16,23,0.0,0.0,26.5,SHIFT-A,1.0,OPERATIONAL,10.88
2025-10-31T02:00:00,ZONE-HVAC-UTILITIES,817.67,670.49,18,0.0,0.0,21.6,SHIFT-A,1.0,OPERATIONAL,7.17
2025-10-31T03:00:00,ZONE-PAINT-SHOP,3217.42,2638.29,16,1103.66,348.56,70.6,SHIFT-A,1.0,OPERATIONAL,30.68
2025-10-31T03:00:00,ZONE-BODY-SHOP,1392.4,1141.76,27,1875.29,0.0,21.2,SHIFT-A,1.0,OPERATIONAL,17.18
2025-10-31T03:00:00,ZONE-ASSEMBLY,927.52,760.56,17,654.08,0.0,23.5,SHIFT-A,1.0,OPERATIONAL,12.6
2025-10-31T03:00:00,ZONE-CASTING,1561.22,1280.2,26,0.0,295.25,186.2,SHIFT-A,1.0,OPERATIONAL,21.48
2025-10-31T03:00:00,ZONE-BATTERY,1413.08,1158.73,23,0.0,0.0,18.5,SHIFT-A,1.0,OPERATIONAL,10.88
2025-10-31T03:00:00,ZONE-HVAC-UTILITIES,807.37,662.04,28,0.0,0.0,22.1,SHIFT-A,1.0,OPERATIONAL,7.17
2025-10-31T04:00:00,ZONE-PAINT-SHOP,2155.46,1767.48,17,584.1,421.45,99.3,SHIFT-A,1.0,OPERATIONAL,30.68
2025-10-31T04:00:00,ZONE-BODY-SHOP,1469.03,1204.6,27,713.47,0.0,23.0,SHIFT-A,1.0,OPERATIONAL,17.18
2025-10-31T04:00:00,ZONE-ASSEMBLY,1217.37,998.24,28,1591.74,0.0,19.5,SHIFT-A,1.0,OPERATIONAL,12.6
2025-10-31T04:00:00,ZONE-CASTING,2097.25,1719.75,26,0.0,238.92,279.5,SHIFT-A,1.0,OPERATIONAL,21.48
2025-10-31T04:00:00,ZONE-BATTERY,1177.84,965.83,21,0.0,0.0,24.5,SHIFT-A,1.0,OPERATIONAL,10.88
2025-10-31T04:00:00,ZONE-HVAC-UTILITIES,859.82,705.05,25,0.0,0.0,27.8,SHIFT-A,1.0,OPERATIONAL,7.17
2025-10-31T05:00:00,ZONE-PAINT-SHOP,2550.97,2091.79,26,1803.99,604.5,108.2,SHIFT-A,1.0,OPERATIONAL,30.68
2025-10-31T05:00:00,ZONE-BODY-SHOP,2186.82,1793.19,25,1727.61,0.0,21.4,SHIFT-A,1.0,OPERATIONAL,17.18
2025-10-31T05:00:00,ZONE-ASSEMBLY,875.46,717.88,22,640.14,0.0,23.5,SHIFT-A,1.0,OPERATIONAL,12.6
2025-10-31T05:00:00,ZONE-CASTING,2189.18,1795.13,19,0.0,439.1,242.6,SHIFT-A,1.0,OPERATIONAL,21.48
2025-10-31T05:00:00,ZONE-BATTERY,1042.15,854.57,15,0.0,0.0,25.2,SHIFT-A,1.0,OPERATIONAL,10.88
2025-10-31T05:00:00,ZONE-HVAC-UTILITIES,579.11,474.87,27,0.0,0.0,25.9,SHIFT-A,1.0,OPERATIONAL,7.17
2025-10-31T06:00:00,ZONE-PAINT-SHOP,3557.96,2917.53,20,720.41,242.64,73.0,SHIFT-A,1.0,OPERATIONAL,30.68
2025-10-31T06:00:00,ZONE-BODY-SHOP,2368.1,1941.85,23,1786.24,0.0,24.8,SHIFT-A,1.0,OPERATIONAL,17.18
2025-10-31T06:00:00,ZONE-ASSEMBLY,963.09,789.73,20,855.85,0.0,22.5,SHIFT-A,1.0,OPERATIONAL,12.6
2025-10-31T06:00:00,ZONE-CASTING,1601.49,1313.22,28,0.0,750.96,183.0,SHIFT-A,1.0,OPERATIONAL,21.48
2025-10-31T06:00:00,ZONE-BATTERY,952.11,780.73,29,0.0,0.0,24.5,SHIFT-A,1.0,OPERATIONAL,10.88
2025-10-31T06:00:00,ZONE-HVAC-UTILITIES,742.39,608.76,27,0.0,0.0,23.7,SHIFT-A,1.0,OPERATIONAL,7.17
2025-10-31T07:00:00,ZONE-PAINT-SHOP,3441.52,2822.05,26,1205.71,725.43,179.5,SHIFT-A,1.0,OPERATIONAL,30.68
2025-10-31T07:00:00,ZONE-BODY-SHOP,1265.79,1037.95,17,1453.76,0.0,22.1,SHIFT-A,1.0,OPERATIONAL,17.18
2025-10-31T07:00:00,ZONE-ASSEMBLY,987.25,809.54,28,722.04,0.0,24.3,SHIFT-A,1.0,OPERATIONAL,12.6
2025-10-31T07:00:00,ZONE-CASTING,2018.36,1655.05,24,0.0,432.83,160.7,SHIFT-A,1.0,OPERATIONAL,21.48
2025-10-31T07:00:00,ZONE-BATTERY,785.04,643.73,19,0.0,0.0,23.9,SHIFT-A,1.0,OPERATIONAL,10.88
2025-10-31T07:00:00,ZONE-HVAC-UTILITIES,987.58,809.81,24,0.0,0.0,23.9,SHIFT-A,1.0,OPERATIONAL,7.17
2025-10-31T08:00:00,ZONE-PAINT-SHOP,3577.25,2933.34,24,841.64,631.31,179.7,SHIFT-B,1.0,OPERATIONAL,30.68
2025-10-31T08:00:00,ZONE-BODY-SHOP,2498.8,2049.01,18,1306.77,0.0,21.4,SHIFT-B,1.0,OPERATIONAL,17.18
2025-10-31T08:00:00,ZONE-ASSEMBLY,1523.01,1248.87,27,1666.48,0.0,22.7,SHIFT-B,1.0,OPERATIONAL,12.6
2025-10-31T08:00:00,ZONE-CASTING,2203.48,1806.85,20,0.0,517.09,145.4,SHIFT-B,1.0,OPERATIONAL,21.48
2025-10-31T08:00:00,ZONE-BATTERY,1039.33,852.25,28,0.0,0.0,24.3,SHIFT-B,1.0,OPERATIONAL,10.88
2025-10-31T08:00:00,ZONE-HVAC-UTILITIES,662.1,542.92,29,0.0,0.0,25.7,SHIFT-B,1.0,OPERATIONAL,7.17
2025-10-31T09:00:00,ZONE-PAINT-SHOP,2701.26,2215.03,29,1042.07,303.45,112.1,SHIFT-B,1.0,OPERATIONAL,30.68
2025-10-31T09:00:00,ZONE-BODY-SHOP,1773.33,1454.13,28,831.76,0.0,19.8,SHIFT-B,1.0,OPERATIONAL,17.18
2025-10-31T09:00:00,ZONE-ASSEMBLY,894.97,733.88,20,677.59,0.0,18.6,SHIFT-B,1.0,OPERATIONAL,12.6
2025-10-31T09:00:00,ZONE-CASTING,1982.54,1625.68,27,0.0,599.14,188.9,SHIFT-B,1.0,OPERATIONAL,21.48
2025-10-31T09:00:00,ZONE-BATTERY,1018.24,834.96,25,0.0,0.0,20.5,SHIFT-B,1.0,OPERATIONAL,10.88
2025-10-31T09:00:00,ZONE-HVAC-UTILITIES,848.65,695.9,28,0.0,0.0,23.5,SHIFT-B,1.0,OPERATIONAL,7.17
2025-10-31T10:00:00,ZONE-PAINT-SHOP,3483.41,2856.4,26,801.81,360.74,88.7,SHIFT-B,1.0,OPERATIONAL,30.68
2025-10-31T10:00:00,ZONE-BODY-SHOP,1133.69,929.62,24,1155.62,0.0,20.2,SHIFT-B,1.0,OPERATIONAL,17.18
2025-10-31T10:00:00,ZONE-ASSEMBLY,1139.88,934.7,29,1697.22,0.0,18.8,SHIFT-B,1.0,OPERATIONAL,12.6
2025-10-31T10:00:00,ZONE-CASTING,2713.88,2225.38,21,0.0,383.31,205.5,SHIFT-B,1.0,OPERATIONAL,21.48
2025-10-31T10:00:00,ZONE-BATTERY,1446.69,1186.29,30,0.0,0.0,22.0,SHIFT-B,1.0,OPERATIONAL,10.88
2025-10-31T10:00:00,ZONE-HVAC-UTILITIES,560.03,459.22,27,0.0,0.0,22.6,SHIFT-B,1.0,OPERATIONAL,7.17
2025-10-31T11:00:00,ZONE-PAINT-SHOP,2722.3,2232.29,28,1129.72,483.83,149.7,SHIFT-B,1.0,OPERATIONAL,30.68
2025-10-31T11:00:00,ZONE-BODY-SHOP,1669.73,1369.18,25,1612.95,0.0,22.9,SHIFT-B,1.0,OPERATIONAL,17.18
2025-10-31T11:00:00,ZONE-ASSEMBLY,1223.43,1003.21,22,640.39,0.0,19.3,SHIFT-B,1.0,OPERATIONAL,12.6
2025-10-31T11:00:00,ZONE-CASTING,2964.45,2430.85,15,0.0,448.47,117.5,SHIFT-B,1.0,OPERATIONAL,21.48
2025-10-31T11:00:00,ZONE-BATTERY,762.96,625.63,27,0.0,0.0,18.6,SHIFT-B,1.0,OPERATIONAL,10.88
2025-10-31T11:00:00,ZONE-HVAC-UTILITIES,603.78,495.1,24,0.0,0.0,22.3,SHIFT-B,1.0,OPERATIONAL,7.17
2025-10-31T12:00:00,ZONE-PAINT-SHOP,3021.47,2477.61,24,882.81,602.19,68.0,SHIFT-B,1.0,OPERATIONAL,30.68
2025-10-31T12:00:00,ZONE-BODY-SHOP,1628.57,1335.43,29,537.89,0.0,21.3,SHIFT-B,1.0,OPERATIONAL,17.18
2025-10-31T12:00:00,ZONE-ASSEMBLY,1569.24,1286.78,21,571.7,0.0,27.6,SHIFT-B,1.0,OPERATIONAL,12.6
2025-10-31T12:00:00,ZONE-CASTING,2227.98,1826.94,20,0.0,548.79,240.5,SHIFT-B,1.0,OPERATIONAL,21.48
2025-10-31T12:00:00,ZONE-BATTERY,886.89,727.25,29,0.0,0.0,26.9,SHIFT-B,1.0,OPERATIONAL,10.88
2025-10-31T12:00:00,ZONE-HVAC-UTILITIES,539.97,442.77,17,0.0,0.0,27.2,SHIFT-B,1.0,OPERATIONAL,7.17
2025-10-31T13:00:00,ZONE-PAINT-SHOP,3860.52,3165.63,30,1001.31,256.66,96.7,SHIFT-B,1.0,OPERATIONAL,30.68
2025-10-31T13:00:00,ZONE-BODY-SHOP,1227.31,1006.4,22,1680.59,0.0,26.6,SHIFT-B,1.0,OPERATIONAL,17.18
2025-10-31T13:00:00,ZONE-ASSEMBLY,1225.38,1004.81,22,531.0,0.0,27.8,SHIFT-B,1.0,OPERATIONAL,12.6
2025-10-31T13:00:00,ZONE-CASTING,1539.77,1262.61,23,0.0,690.04,163.4,SHIFT-B,1.0,OPERATIONAL,21.48
2025-10-31T13:00:00,ZONE-BATTERY,1141.35,935.91,19,0.0,0.0,26.0,SHIFT-B,1.0,OPERATIONAL,10.88
2025-10-31T13:00:00,ZONE-HVAC-UTILITIES,958.17,785.7,22,0.0,0.0,18.2,SHIFT-B,1.0,OPERATIONAL,7.17
2025-10-31T14:00:00,ZONE-PAINT-SHOP,3858.34,3163.84,15,1454.02,495.28,178.7,SHIFT-B,1.0,OPERATIONAL,30.68
2025-10-31T14:00:00,ZONE-BODY-SHOP,1596.13,1308.83,26,788.79,0.0,25.4,SHIFT-B,1.0,OPERATIONAL,17.18
2025-10-31T14:00:00,ZONE-ASSEMBLY,1126.28,923.55,21,1242.85,0.0,21.1,SHIFT-B,1.0,OPERATIONAL,12.6
2025-10-31T14:00:00,ZONE-CASTING,2555.89,2095.83,29,0.0,555.27,251.8,SHIFT-B,1.0,OPERATIONAL,21.48
2025-10-31T14:00:00,ZONE-BATTERY,871.49,714.62,17,0.0,0.0,21.0,SHIFT-B,1.0,OPERATIONAL,10.88
2025-10-31T14:00:00,ZONE-HVAC-UTILITIES,607.53,498.18,24,0.0,0.0,27.5,SHIFT-B,1.0,OPERATIONAL,7.17
2025-10-31T15:00:00,ZONE-PAINT-SHOP,2544.39,2086.4,16,976.23,582.77,147.5,SHIFT-B,1.0,OPERATIONAL,30.68
2025-10-31T15:00:00,ZONE-BODY-SHOP,1929.39,1582.1,21,588.88,0.0,26.1,SHIFT-B,1.0,OPERATIONAL,17.18
2025-10-31T15:00:00,ZONE-ASSEMBLY,898.28,736.59,17,1363.56,0.0,25.9,SHIFT-B,1.0,OPERATIONAL,12.6
2025-10-31T15:00:00,ZONE-CASTING,1574.15,1290.8,29,0.0,613.44,261.2,SHIFT-B,1.0,OPERATIONAL,21.48
2025-10-31T15:00:00,ZONE-BATTERY,1011.11,829.11,17,0.0,0.0,26.6,SHIFT-B,1.0,OPERATIONAL,10.88
2025-10-31T15:00:00,ZONE-HVAC-UTILITIES,651.93,534.58,21,0.0,0.0,21.2,SHIFT-B,1.0,OPERATIONAL,7.17
2025-10-31T16:00:00,ZONE-PAINT-SHOP,2087.09,1711.42,2,1259.21,226.2,168.1,SHIFT-C,1.0,OPERATIONAL,30.68
2025-10-31T16:00:00,ZONE-BODY-SHOP,2270.98,1862.2,3,684.88,0.0,23.3,SHIFT-C,1.0,OPERATIONAL,17.18
2025-10-31T16:00:00,ZONE-ASSEMBLY,916.22,751.3,5,1198.28,0.0,25.1,SHIFT-C,1.0,OPERATIONAL,12.6
2025-10-31T16:00:00,ZONE-CASTING,1745.62,1431.41,4,0.0,723.55,184.3,SHIFT-C,1.0,OPERATIONAL,21.48
2025-10-31T16:00:00,ZONE-BATTERY,1458.45,1195.93,0,0.0,0.0,20.4,SHIFT-C,0.82,STANDBY,10.88
2025-10-31T16:00:00,ZONE-HVAC-UTILITIES,653.91,536.21,0,0.0,0.0,27.1,SHIFT-C,1.0,STANDBY,7.17
2025-10-31T17:00:00,ZONE-PAINT-SHOP,4406.59,3613.41,0,433.82,547.36,151.1,SHIFT-C,0.27,STANDBY,30.68
2025-10-31T17:00:00,ZONE-BODY-SHOP,2143.04,1757.3,3,1377.54,0.0,22.0,SHIFT-C,1.0,OPERATIONAL,17.18
2025-10-31T17:00:00,ZONE-ASSEMBLY,1233.59,1011.54,9,1243.78,0.0,21.6,SHIFT-C,1.0,OPERATIONAL,12.6
2025-10-31T17:00:00,ZONE-CASTING,1761.94,1444.79,9,0.0,767.03,144.7,SHIFT-C,1.0,OPERATIONAL,21.48
2025-10-31T17:00:00,ZONE-BATTERY,1079.69,885.35,8,0.0,0.0,26.3,SHIFT-C,1.0,OPERATIONAL,10.88
2025-10-31T17:00:00,ZONE-HVAC-UTILITIES,615.2,504.47,0,0.0,0.0,22.7,SHIFT-C,1.0,STANDBY,7.17
2025-10-31T18:00:00,ZONE-PAINT-SHOP,3144.75,2578.69,0,507.61,297.2,78.7,SHIFT-C,0.38,STANDBY,30.68
2025-10-31T18:00:00,ZONE-BODY-SHOP,2422.02,1986.05,8,1892.14,0.0,20.0,SHIFT-C,1.0,OPERATIONAL,17.18
2025-10-31T18:00:00,ZONE-ASSEMBLY,1624.61,1332.18,5,741.96,0.0,23.1,SHIFT-C,1.0,OPERATIONAL,12.6
2025-10-31T18:00:00,ZONE-CASTING,2653.7,2176.03,10,0.0,501.26,113.3,SHIFT-C,1.0,OPERATIONAL,21.48
2025-10-31T18:00:00,ZONE-BATTERY,1217.58,998.42,7,0.0,0.0,25.4,SHIFT-C,1.0,OPERATIONAL,10.88
2025-10-31T18:00:00,ZONE-HVAC-UTILITIES,805.94,660.87,1,0.0,0.0,21.2,SHIFT-C,1.0,OPERATIONAL,7.17
2025-10-31T19:00:00,ZONE-PAINT-SHOP,3516.38,2883.43,0,915.94,495.32,168.6,SHIFT-C,0.34,STANDBY,30.68
2025-10-31T19:00:00,ZONE-BODY-SHOP,2429.85,1992.47,3,1484.22,0.0,22.1,SHIFT-C,1.0,OPERATIONAL,17.18
2025-10-31T19:00:00,ZONE-ASSEMBLY,1664.62,1364.99,9,743.84,0.0,22.5,SHIFT-C,1.0,OPERATIONAL,12.6
2025-10-31T19:00:00,ZONE-CASTING,2624.81,2152.34,10,0.0,477.1,135.3,SHIFT-C,1.0,OPERATIONAL,21.48
2025-10-31T19:00:00,ZONE-BATTERY,1113.38,912.97,2,0.0,0.0,18.9,SHIFT-C,1.0,OPERATIONAL,10.88
2025-10-31T19:00:00,ZONE-HVAC-UTILITIES,535.4,439.03,4,0.0,0.0,18.8,SHIFT-C,1.0,OPERATIONAL,7.17
2025-10-31T20:00:00,ZONE-PAINT-SHOP,3014.75,2472.1,0,902.03,343.84,170.6,SHIFT-C,0.4,STANDBY,30.68
2025-10-31T20:00:00,ZONE-BODY-SHOP,1558.54,1278.0,5,624.77,0.0,19.4,SHIFT-C,1.0,OPERATIONAL,17.18
2025-10-31T20:00:00,ZONE-ASSEMBLY,1004.12,823.38,9,566.5,0.0,21.5,SHIFT-C,1.0,OPERATIONAL,12.6
2025-10-31T20:00:00,ZONE-CASTING,2677.34,2195.42,7,0.0,604.07,191.3,SHIFT-C,1.0,OPERATIONAL,21.48
2025-10-31T20:00:00,ZONE-BATTERY,1345.34,1103.18,1,0.0,0.0,18.5,SHIFT-C,0.89,OPERATIONAL,10.88
2025-10-31T20:00:00,ZONE-HVAC-UTILITIES,522.27,428.26,1,0.0,0.0,20.6,SHIFT-C,1.0,OPERATIONAL,7.17
2025-10-31T21:00:00,ZONE-PAINT-SHOP,2554.0,2094.28,9,1381.64,697.27,125.0,SHIFT-C,1.0,OPERATIONAL,30.68
2025-10-31T21:00:00,ZONE-BODY-SHOP,1338.08,1097.23,3,693.59,0.0,23.5,SHIFT-C,1.0,OPERATIONAL,17.18
2025-10-31T21:00:00,ZONE-ASSEMBLY,920.51,754.82,8,1324.06,0.0,22.7,SHIFT-C,1.0,OPERATIONAL,12.6
2025-10-31T21:00:00,ZONE-CASTING,2330.52,1911.02,2,0.0,304.77,165.6,SHIFT-C,1.0,OPERATIONAL,21.48
2025-10-31T21:00:00,ZONE-BATTERY,901.56,739.28,10,0.0,0.0,24.9,SHIFT-C,1.0,OPERATIONAL,10.88
2025-10-31T21:00:00,ZONE-HVAC-UTILITIES,876.98,719.12,9,0.0,0.0,19.0,SHIFT-C,1.0,OPERATIONAL,7.17
2025-10-31T22:00:00,ZONE-PAINT-SHOP,3206.24,2629.12,6,608.94,224.35,159.0,SHIFT-C,1.0,OPERATIONAL,30.68
2025-10-31T22:00:00,ZONE-BODY-SHOP,2261.7,1854.59,7,1220.06,0.0,19.0,SHIFT-C,1.0,OPERATIONAL,17.18
2025-10-31T22:00:00,ZONE-ASSEMBLY,1063.97,872.45,5,1909.89,0.0,27.4,SHIFT-C,1.0,OPERATIONAL,12.6
2025-10-31T22:00:00,ZONE-CASTING,1588.15,1302.28,7,0.0,422.14,180.8,SHIFT-C,1.0,OPERATIONAL,21.48
2025-10-31T22:00:00,ZONE-BATTERY,942.14,772.56,5,0.0,0.0,22.4,SHIFT-C,1.0,OPERATIONAL,10.88
2025-10-31T22:00:00,ZONE-HVAC-UTILITIES,953.65,782.0,3,0.0,0.0,24.4,SHIFT-C,1.0,OPERATIONAL,7.17
2025-10-31T23:00:00,ZONE-PAINT-SHOP,3718.46,3049.14,6,666.94,292.41,167.2,SHIFT-C,1.0,OPERATIONAL,30.68
2025-10-31T23:00:00,ZONE-BODY-SHOP,1278.9,1048.7,10,1800.65,0.0,25.9,SHIFT-C,1.0,OPERATIONAL,17.18
2025-10-31T23:00:00,ZONE-ASSEMBLY,1632.68,1338.79,2,868.12,0.0,22.5,SHIFT-C,1.0,OPERATIONAL,12.6
2025-10-31T23:00:00,ZONE-CASTING,2572.32,2109.3,9,0.0,628.07,121.5,SHIFT-C,1.0,OPERATIONAL,21.48
2025-10-31T23:00:00,ZONE-BATTERY,1472.52,1207.47,3,0.0,0.0,22.9,SHIFT-C,1.0,OPERATIONAL,10.88
2025-10-31T23:00:00,ZONE-HVAC-UTILITIES,635.06,520.75,2,0.0,0.0,23.8,SHIFT-C,1.0,OPERATIONAL,7.17
2025-11-01T00:00:00,ZONE-PAINT-SHOP,2900.57,2378.47,29,1471.09,695.41,103.9,SHIFT-A,1.0,OPERATIONAL,30.68
2025-11-01T00:00:00,ZONE-BODY-SHOP,1961.08,1608.09,20,1327.3,0.0,24.6,SHIFT-A,1.0,OPERATIONAL,17.18
2025-11-01T00:00:00,ZONE-ASSEMBLY,1676.9,1375.05,19,1506.98,0.0,27.6,SHIFT-A,1.0,OPERATIONAL,12.6
2025-11-01T00:00:00,ZONE-CASTING,1541.23,1263.81,30,0.0,666.15,211.8,SHIFT-A,1.0,OPERATIONAL,21.48
2025-11-01T00:00:00,ZONE-BATTERY,771.96,633.0,17,0.0,0.0,19.3,SHIFT-A,1.0,OPERATIONAL,10.88
2025-11-01T00:00:00,ZONE-HVAC-UTILITIES,696.83,571.4,18,0.0,0.0,21.1,SHIFT-A,1.0,OPERATIONAL,7.17
2025-11-01T01:00:00,ZONE-PAINT-SHOP,3951.45,3240.19,22,1709.98,786.88,155.3,SHIFT-A,1.0,OPERATIONAL,30.68
2025-11-01T01:00:00,ZONE-BODY-SHOP,1059.13,868.49,19,1987.51,0.0,18.2,SHIFT-A,1.0,OPERATIONAL,17.18
2025-11-01T01:00:00,ZONE-ASSEMBLY,1085.23,889.89,26,671.38,0.0,18.4,SHIFT-A,1.0,OPERATIONAL,12.6
2025-11-01T01:00:00,ZONE-CASTING,1709.52,1401.81,17,0.0,644.11,239.0,SHIFT-A,1.0,OPERATIONAL,21.48
2025-11-01T01:00:00,ZONE-BATTERY,748.82,614.03,29,0.0,0.0,22.1,SHIFT-A,1.0,OPERATIONAL,10.88
2025-11-01T01:00:00,ZONE-HVAC-UTILITIES,791.47,649.0,29,0.0,0.0,24.4,SHIFT-A,1.0,OPERATIONAL,7.17
2025-11-01T02:00:00,ZONE-PAINT-SHOP,2562.67,2101.39,23,1455.38,660.17,170.3,SHIFT-A,1.0,OPERATIONAL,30.68
2025-11-01T02:00:00,ZONE-BODY-SHOP,2183.87,1790.78,26,1065.49,0.0,27.8,SHIFT-A,1.0,OPERATIONAL,17.18
2025-11-01T02:00:00,ZONE-ASSEMBLY,813.71,667.24,21,1114.88,0.0,19.4,SHIFT-A,1.0,OPERATIONAL,12.6
2025-11-01T02:00:00,ZONE-CASTING,2124.87,1742.39,28,0.0,674.63,288.0,SHIFT-A,1.0,OPERATIONAL,21.48
2025-11-01T02:00:00,ZONE-BATTERY,1249.79,1024.82,25,0.0,0.0,26.2,SHIFT-A,1.0,OPERATIONAL,10.88
2025-11-01T02:00:00,ZONE-HVAC-UTILITIES,848.73,695.96,23,0.0,0.0,21.7,SHIFT-A,1.0,OPERATIONAL,7.17
2025-11-01T03:00:00,ZONE-PAINT-SHOP,3115.05,2554.34,18,1688.44,458.88,167.7,SHIFT-A,1.0,OPERATIONAL,30.68
2025-11-01T03:00:00,ZONE-BODY-SHOP,2014.55,1651.93,20,1654.06,0.0,21.0,SHIFT-A,1.0,OPERATIONAL,17.18
2025-11-01T03:00:00,ZONE-ASSEMBLY,1011.65,829.55,25,1710.63,0.0,20.7,SHIFT-A,1.0,OPERATIONAL,12.6
2025-11-01T03:00:00,ZONE-CASTING,1533.97,1257.86,26,0.0,485.59,229.2,SHIFT-A,1.0,OPERATIONAL,21.48
2025-11-01T03:00:00,ZONE-BATTERY,740.41,607.13,28,0.0,0.0,23.4,SHIFT-A,1.0,OPERATIONAL,10.88
2025-11-01T03:00:00,ZONE-HVAC-UTILITIES,893.02,732.27,29,0.0,0.0,26.3,SHIFT-A,1.0,OPERATIONAL,7.17
2025-11-01T04:00:00,ZONE-PAINT-SHOP,3950.82,3239.67,20,1051.01,311.99,77.4,SHIFT-A,1.0,OPERATIONAL,30.68
2025-11-01T04:00:00,ZONE-BODY-SHOP,2253.76,1848.08,18,1274.0,0.0,26.5,SHIFT-A,1.0,OPERATIONAL,17.18
2025-11-01T04:00:00,ZONE-ASSEMBLY,1337.95,1097.12,20,572.15,0.0,27.0,SHIFT-A,1.0,OPERATIONAL,12.6
2025-11-01T04:00:00,ZONE-CASTING,2082.43,1707.59,24,0.0,335.55,246.6,SHIFT-A,1.0,OPERATIONAL,21.48
2025-11-01T04:00:00,ZONE-BATTERY,739.23,606.17,20,0.0,0.0,18.2,SHIFT-A,1.0,OPERATIONAL,10.88
2025-11-01T04:00:00,ZONE-HVAC-UTILITIES,528.18,433.1,30,0.0,0.0,22.2,SHIFT-A,1.0,OPERATIONAL,7.17
2025-11-01T05:00:00,ZONE-PAINT-SHOP,2332.12,1912.34,19,1361.4,491.19,167.9,SHIFT-A,1.0,OPERATIONAL,30.68
2025-11-01T05:00:00,ZONE-BODY-SHOP,1324.85,1086.37,18,1430.55,0.0,27.6,SHIFT-A,1.0,OPERATIONAL,17.18
2025-11-01T05:00:00,ZONE-ASSEMBLY,1118.68,917.32,16,1254.63,0.0,20.4,SHIFT-A,1.0,OPERATIONAL,12.6
2025-11-01T05:00:00,ZONE-CASTING,1937.78,1588.98,18,0.0,791.39,296.2,SHIFT-A,1.0,OPERATIONAL,21.48
2025-11-01T05:00:00,ZONE-BATTERY,1195.97,980.7,21,0.0,0.0,22.1,SHIFT-A,1.0,OPERATIONAL,10.88
2025-11-01T05:00:00,ZONE-HVAC-UTILITIES,906.44,743.28,15,0.0,0.0,18.9,SHIFT-A,1.0,OPERATIONAL,7.17
2025-11-01T06:00:00,ZONE-PAINT-SHOP,3100.15,2542.12,29,1781.98,783.51,67.6,SHIFT-A,1.0,OPERATIONAL,30.68
2025-11-01T06:00:00,ZONE-BODY-SHOP,2076.39,1702.64,18,1824.81,0.0,24.1,SHIFT-A,1.0,OPERATIONAL,17.18
2025-11-01T06:00:00,ZONE-ASSEMBLY,1638.29,1343.4,25,1890.64,0.0,18.1,SHIFT-A,1.0,OPERATIONAL,12.6
2025-11-01T06:00:00,ZONE-CASTING,1542.19,1264.6,23,0.0,399.09,246.2,SHIFT-A,1.0,OPERATIONAL,21.48
2025-11-01T06:00:00,ZONE-BATTERY,1026.35,841.61,25,0.0,0.0,18.2,SHIFT-A,1.0,OPERATIONAL,10.88
2025-11-01T06:00:00,ZONE-HVAC-UTILITIES,664.16,544.61,18,0.0,0.0,19.1,SHIFT-A,1.0,OPERATIONAL,7.17
2025-11-01T07:00:00,ZONE-PAINT-SHOP,3916.3,3211.36,23,531.21,454.34,149.7,SHIFT-A,1.0,OPERATIONAL,30.68
2025-11-01T07:00:00,ZONE-BODY-SHOP,1093.23,896.45,24,726.86,0.0,18.3,SHIFT-A,1.0,OPERATIONAL,17.18
2025-11-01T07:00:00,ZONE-ASSEMBLY,1767.57,1449.41,18,1762.87,0.0,23.4,SHIFT-A,1.0,OPERATIONAL,12.6
2025-11-01T07:00:00,ZONE-CASTING,1933.09,1585.13,23,0.0,551.85,268.0,SHIFT-A,1.0,OPERATIONAL,21.48
2025-11-01T07:00:00,ZONE-BATTERY,1485.67,1218.25,27,0.0,0.0,20.2,SHIFT-A,1.0,OPERATIONAL,10.88
2025-11-01T07:00:00,ZONE-HVAC-UTILITIES,539.17,442.12,24,0.0,0.0,22.5,SHIFT-A,1.0,OPERATIONAL,7.17
2025-11-01T08:00:00,ZONE-PAINT-SHOP,3329.41,2730.12,23,1002.69,416.04,113.1,SHIFT-B,1.0,OPERATIONAL,30.68
2025-11-01T08:00:00,ZONE-BODY-SHOP,2285.53,1874.14,23,575.85,0.0,25.2,SHIFT-B,1.0,OPERATIONAL,17.18
2025-11-01T08:00:00,ZONE-ASSEMBLY,1456.06,1193.97,29,1906.15,0.0,23.6,SHIFT-B,1.0,OPERATIONAL,12.6
2025-11-01T08:00:00,ZONE-CASTING,2611.05,2141.06,15,0.0,607.23,198.1,SHIFT-B,1.0,OPERATIONAL,21.48
2025-11-01T08:00:00,ZONE-BATTERY,1044.38,856.4,15,0.0,0.0,26.0,SHIFT-B,1.0,OPERATIONAL,10.88
2025-11-01T08:00:00,ZONE-HVAC-UTILITIES,517.22,424.12,30,0.0,0.0,20.0,SHIFT-B,1.0,OPERATIONAL,7.17
2025-11-01T09:00:00,ZONE-PAINT-SHOP,2470.32,2025.67,16,926.71,759.06,80.5,SHIFT-B,1.0,OPERATIONAL,30.68
2025-11-01T09:00:00,ZONE-BODY-SHOP,2083.68,1708.62,29,920.55,0.0,21.0,SHIFT-B,1.0,OPERATIONAL,17.18
2025-11-01T09:00:00,ZONE-ASSEMBLY,1124.24,921.88,20,785.59,0.0,27.5,SHIFT-B,1.0,OPERATIONAL,12.6
2025-11-01T09:00:00,ZONE-CASTING,1822.15,1494.17,20,0.0,445.29,150.6,SHIFT-B,1.0,OPERATIONAL,21.48
2025-11-01T09:00:00,ZONE-BATTERY,1079.63,885.3,18,0.0,0.0,24.9,SHIFT-B,1.0,OPERATIONAL,10.88
2025-11-01T09:00:00,ZONE-HVAC-UTILITIES,605.76,496.73,21,0.0,0.0,23.9,SHIFT-B,1.0,OPERATIONAL,7.17
2025-11-01T10:00:00,ZONE-PAINT-SHOP,3515.73,2882.89,16,1378.97,488.03,62.4,SHIFT-B,1.0,OPERATIONAL,30.68
2025-11-01T10:00:00,ZONE-BODY-SHOP,1026.52,841.75,17,1499.8,0.0,22.3,SHIFT-B,1.0,OPERATIONAL,17.18
2025-11-01T10:00:00,ZONE-ASSEMBLY,1345.77,1103.53,16,1707.27,0.0,21.6,SHIFT-B,1.0,OPERATIONAL,12.6
2025-11-01T10:00:00,ZONE-CASTING,2483.17,2036.2,27,0.0,689.24,157.1,SHIFT-B,1.0,OPERATIONAL,21.48
2025-11-01T10:00:00,ZONE-BATTERY,1230.96,1009.39,20,0.0,0.0,22.7,SHIFT-B,1.0,OPERATIONAL,10.88
2025-11-01T10:00:00,ZONE-HVAC-UTILITIES,550.32,451.26,26,0.0,0.0,20.5,SHIFT-B,1.0,OPERATIONAL,7.17
2025-11-01T11:00:00,ZONE-PAINT-SHOP,2204.46,1807.66,25,1798.4,295.36,136.4,SHIFT-B,1.0,OPERATIONAL,30.68
2025-11-01T11:00:00,ZONE-BODY-SHOP,1381.08,1132.49,17,1288.99,0.0,25.7,SHIFT-B,1.0,OPERATIONAL,17.18
2025-11-01T11:00:00,ZONE-ASSEMBLY,1612.32,1322.1,17,1031.92,0.0,23.8,SHIFT-B,1.0,OPERATIONAL,12.6
2025-11-01T11:00:00,ZONE-CASTING,1953.64,1601.98,22,0.0,300.95,226.4,SHIFT-B,1.0,OPERATIONAL,21.48
2025-11-01T11:00:00,ZONE-BATTERY,885.66,726.24,23,0.0,0.0,28.0,SHIFT-B,1.0,OPERATIONAL,10.88
2025-11-01T11:00:00,ZONE-HVAC-UTILITIES,502.74,412.25,18,0.0,0.0,19.6,SHIFT-B,1.0,OPERATIONAL,7.17
2025-11-01T12:00:00,ZONE-PAINT-SHOP,2607.34,2138.02,25,1303.42,774.33,80.9,SHIFT-B,1.0,OPERATIONAL,30.68
2025-11-01T12:00:00,ZONE-BODY-SHOP,1825.58,1496.98,21,1521.93,0.0,27.0,SHIFT-B,1.0,OPERATIONAL,17.18
2025-11-01T12:00:00,ZONE-ASSEMBLY,1527.54,1252.59,27,1725.89,0.0,26.7,SHIFT-B,1.0,OPERATIONAL,12.6
2025-11-01T12:00:00,ZONE-CASTING,2344.21,1922.25,28,0.0,399.53,158.9,SHIFT-B,1.0,OPERATIONAL,21.48
2025-11-01T12:00:00,ZONE-BATTERY,794.45,651.45,30,0.0,0.0,20.3,SHIFT-B,1.0,OPERATIONAL,10.88
2025-11-01T12:00:00,ZONE-HVAC-UTILITIES,659.89,541.11,16,0.0,0.0,24.6,SHIFT-B,1.0,OPERATIONAL,7.17
2025-11-01T13:00:00,ZONE-PAINT-SHOP,3156.6,2588.42,25,1490.17,439.44,176.8,SHIFT-B,1.0,OPERATIONAL,30.68
2025-11-01T13:00:00,ZONE-BODY-SHOP,1576.08,1292.38,20,1870.47,0.0,18.0,SHIFT-B,1.0,OPERATIONAL,17.18
2025-11-01T13:00:00,ZONE-ASSEMBLY,1325.88,1087.22,27,1272.32,0.0,26.1,SHIFT-B,1.0,OPERATIONAL,12.6
2025-11-01T13:00:00,ZONE-CASTING,1942.12,1592.54,28,0.0,662.43,241.3,SHIFT-B,1.0,OPERATIONAL,21.48
2025-11-01T13:00:00,ZONE-BATTERY,824.62,676.19,21,0.0,0.0,21.5,SHIFT-B,1.0,OPERATIONAL,10.88
2025-11-01T13:00:00,ZONE-HVAC-UTILITIES,556.6,456.41,16,0.0,0.0,24.5,SHIFT-B,1.0,OPERATIONAL,7.17
2025-11-01T14:00:00,ZONE-PAINT-SHOP,3036.22,2489.7,26,1577.12,472.99,158.6,SHIFT-B,1.0,OPERATIONAL,30.68
2025-11-01T14:00:00,ZONE-BODY-SHOP,1036.76,850.14,17,1944.5,0.0,22.6,SHIFT-B,1.0,OPERATIONAL,17.18
2025-11-01T14:00:00,ZONE-ASSEMBLY,1245.45,1021.27,29,1147.97,0.0,27.0,SHIFT-B,1.0,OPERATIONAL,12.6
2025-11-01T14:00:00,ZONE-CASTING,2039.75,1672.6,19,0.0,699.24,185.9,SHIFT-B,1.0,OPERATIONAL,21.48
2025-11-01T14:00:00,ZONE-BATTERY,1459.27,1196.6,23,0.0,0.0,20.9,SHIFT-B,1.0,OPERATIONAL,10.88
2025-11-01T14:00:00,ZONE-HVAC-UTILITIES,764.56,626.94,30,0.0,0.0,21.3,SHIFT-B,1.0,OPERATIONAL,7.17
2025-11-01T15:00:00,ZONE-PAINT-SHOP,2698.78,2213.0,30,569.87,539.84,61.3,SHIFT-B,1.0,OPERATIONAL,30.68
2025-11-01T15:00:00,ZONE-BODY-SHOP,1251.87,1026.54,26,1204.13,0.0,25.7,SHIFT-B,1.0,OPERATIONAL,17.18
2025-11-01T15:00:00,ZONE-ASSEMBLY,1616.76,1325.75,27,620.61,0.0,20.1,SHIFT-B,1.0,OPERATIONAL,12.6
2025-11-01T15:00:00,ZONE-CASTING,2608.27,2138.78,27,0.0,405.33,240.4,SHIFT-B,1.0,OPERATIONAL,21.48
2025-11-01T15:00:00,ZONE-BATTERY,1325.16,1086.63,28,0.0,0.0,26.3,SHIFT-B,1.0,OPERATIONAL,10.88
2025-11-01T15:00:00,ZONE-HVAC-UTILITIES,888.92,728.92,28,0.0,0.0,27.7,SHIFT-B,1.0,OPERATIONAL,7.17
2025-11-01T16:00:00,ZONE-PAINT-SHOP,2524.11,2069.77,4,1112.23,464.83,143.0,SHIFT-C,1.0,OPERATIONAL,30.68
2025-11-01T16:00:00,ZONE-BODY-SHOP,1786.91,1465.27,3,1139.34,0.0,27.3,SHIFT-C,1.0,OPERATIONAL,17.18
2025-11-01T16:00:00,ZONE-ASSEMBLY,1145.17,939.04,5,1074.95,0.0,24.5,SHIFT-C,1.0,OPERATIONAL,12.6
2025-11-01T16:00:00,ZONE-CASTING,2143.54,1757.7,6,0.0,342.32,115.1,SHIFT-C,1.0,OPERATIONAL,21.48
2025-11-01T16:00:00,ZONE-BATTERY,1322.42,1084.38,6,0.0,0.0,22.9,SHIFT-C,1.0,OPERATIONAL,10.88
2025-11-01T16:00:00,ZONE-HVAC-UTILITIES,801.11,656.91,9,0.0,0.0,21.0,SHIFT-C,1.0,OPERATIONAL,7.17
2025-11-01T17:00:00,ZONE-PAINT-SHOP,4649.71,3812.76,0,381.39,710.97,78.8,SHIFT-C,0.26,STANDBY,30.68
2025-11-01T17:00:00,ZONE-BODY-SHOP,1356.13,1112.03,9,1712.08,0.0,21.8,SHIFT-C,1.0,OPERATIONAL,17.18
2025-11-01T17:00:00,ZONE-ASSEMBLY,1051.1,861.9,2,1917.19,0.0,19.8,SHIFT-C,1.0,OPERATIONAL,12.6
2025-11-01T17:00:00,ZONE-CASTING,1681.92,1379.17,8,0.0,231.02,215.7,SHIFT-C,1.0,OPERATIONAL,21.48
2025-11-01T17:00:00,ZONE-BATTERY,915.4,750.63,10,0.0,0.0,22.4,SHIFT-C,1.0,OPERATIONAL,10.88
2025-11-01T17:00:00,ZONE-HVAC-UTILITIES,630.72,517.19,8,0.0,0.0,21.4,SHIFT-C,1.0,OPERATIONAL,7.17
2025-11-01T18:00:00,ZONE-PAINT-SHOP,3457.94,2835.51,0,1250.03,754.41,80.4,SHIFT-C,0.35,STANDBY,30.68
2025-11-01T18:00:00,ZONE-BODY-SHOP,1808.94,1483.33,1,1768.99,0.0,27.8,SHIFT-C,0.66,OPERATIONAL,17.18
2025-11-01T18:00:00,ZONE-ASSEMBLY,1206.26,989.14,10,562.92,0.0,19.2,SHIFT-C,1.0,OPERATIONAL,12.6
2025-11-01T18:00:00,ZONE-CASTING,2516.33,2063.39,2,0.0,709.63,277.2,SHIFT-C,0.95,OPERATIONAL,21.48
2025-11-01T18:00:00,ZONE-BATTERY,707.76,580.37,9,0.0,0.0,22.0,SHIFT-C,1.0,OPERATIONAL,10.88
2025-11-01T18:00:00,ZONE-HVAC-UTILITIES,952.08,780.71,5,0.0,0.0,20.7,SHIFT-C,1.0,OPERATIONAL,7.17
2025-11-01T19:00:00,ZONE-PAINT-SHOP,3094.2,2537.25,1,1562.99,353.19,65.7,SHIFT-C,0.39,OPERATIONAL,30.68
2025-11-01T19:00:00,ZONE-BODY-SHOP,1180.88,968.32,4,1601.18,0.0,21.0,SHIFT-C,1.0,OPERATIONAL,17.18
2025-11-01T19:00:00,ZONE-ASSEMBLY,1033.35,847.34,8,639.07,0.0,25.7,SHIFT-C,1.0,OPERATIONAL,12.6
2025-11-01T19:00:00,ZONE-CASTING,1703.98,1397.26,7,0.0,539.94,234.7,SHIFT-C,1.0,OPERATIONAL,21.48
2025-11-01T19:00:00,ZONE-BATTERY,722.84,592.73,8,0.0,0.0,22.3,SHIFT-C,1.0,OPERATIONAL,10.88
2025-11-01T19:00:00,ZONE-HVAC-UTILITIES,543.36,445.56,0,0.0,0.0,21.6,SHIFT-C,1.0,STANDBY,7.17
2025-11-01T20:00:00,ZONE-PAINT-SHOP,3537.97,2901.13,3,1075.92,218.2,119.6,SHIFT-C,1.0,OPERATIONAL,30.68
2025-11-01T20:00:00,ZONE-BODY-SHOP,1178.95,966.74,1,601.19,0.0,18.9,SHIFT-C,1.0,OPERATIONAL,17.18
2025-11-01T20:00:00,ZONE-ASSEMBLY,1158.97,950.36,3,1931.07,0.0,27.4,SHIFT-C,1.0,OPERATIONAL,12.6
2025-11-01T20:00:00,ZONE-CASTING,2293.9,1881.0,7,0.0,641.41,118.4,SHIFT-C,1.0,OPERATIONAL,21.48
2025-11-01T20:00:00,ZONE-BATTERY,1009.07,827.44,0,0.0,0.0,22.3,SHIFT-C,1.0,STANDBY,10.88
2025-11-01T20:00:00,ZONE-HVAC-UTILITIES,555.77,455.73,0,0.0,0.0,28.0,SHIFT-C,1.0,STANDBY,7.17
2025-11-01T21:00:00,ZONE-PAINT-SHOP,3130.81,2567.27,0,1299.8,415.52,147.3,SHIFT-C,0.38,STANDBY,30.68
2025-11-01T21:00:00,ZONE-BODY-SHOP,1979.08,1622.85,1,595.13,0.0,24.3,SHIFT-C,0.61,OPERATIONAL,17.18
2025-11-01T21:00:00,ZONE-ASSEMBLY,814.19,667.63,3,984.93,0.0,21.7,SHIFT-C,1.0,OPERATIONAL,12.6
2025-11-01T21:00:00,ZONE-CASTING,2455.52,2013.53,2,0.0,660.61,237.6,SHIFT-C,0.98,OPERATIONAL,21.48
2025-11-01T21:00:00,ZONE-BATTERY,844.93,692.85,0,0.0,0.0,21.8,SHIFT-C,1.0,STANDBY,10.88
2025-11-01T21:00:00,ZONE-HVAC-UTILITIES,594.6,487.57,1,0.0,0.0,21.1,SHIFT-C,1.0,OPERATIONAL,7.17
2025-11-01T22:00:00,ZONE-PAINT-SHOP,3455.64,2833.62,0,1327.32,265.79,101.1,SHIFT-C,0.35,STANDBY,30.68
2025-11-01T22:00:00,ZONE-BODY-SHOP,2000.52,1640.43,3,631.39,0.0,19.2,SHIFT-C,1.0,OPERATIONAL,17.18
2025-11-01T22:00:00,ZONE-ASSEMBLY,1464.97,1201.27,9,826.19,0.0,27.2,SHIFT-C,1.0,OPERATIONAL,12.6
2025-11-01T22:00:00,ZONE-CASTING,1960.81,1607.86,1,0.0,202.85,275.0,SHIFT-C,0.61,OPERATIONAL,21.48
2025-11-01T22:00:00,ZONE-BATTERY,1177.0,965.14,1,0.0,0.0,25.6,SHIFT-C,1.0,OPERATIONAL,10.88
2025-11-01T22:00:00,ZONE-HVAC-UTILITIES,959.8,787.03,6,0.0,0.0,23.9,SHIFT-C,1.0,OPERATIONAL,7.17
2025-11-01T23:00:00,ZONE-PAINT-SHOP,2169.68,1779.13,0,1150.53,590.94,77.9,SHIFT-C,0.55,STANDBY,30.68
2025-11-01T23:00:00,ZONE-BODY-SHOP,2097.52,1719.97,9,1585.21,0.0,19.3,SHIFT-C,1.0,OPERATIONAL,17.18
2025-11-01T23:00:00,ZONE-ASSEMBLY,1772.06,1453.09,9,1257.13,0.0,24.2,SHIFT-C,1.0,OPERATIONAL,12.6
2025-11-01T23:00:00,ZONE-CASTING,2425.02,1988.52,1,0.0,216.57,286.5,SHIFT-C,0.49,OPERATIONAL,21.48
2025-11-01T23:00:00,ZONE-BATTERY,714.68,586.04,4,0.0,0.0,21.6,SHIFT-C,1.0,OPERATIONAL,10.88
2025-11-01T23:00:00,ZONE-HVAC-UTILITIES,869.55,713.03,1,0.0,0.0,18.1,SHIFT-C,1.0,OPERATIONAL,7.17
2025-11-02T00:00:00,ZONE-PAINT-SHOP,2710.26,2222.42,20,570.39,309.6,145.2,SHIFT-A,1.0,OPERATIONAL,30.68
2025-11-02T00:00:00,ZONE-BODY-SHOP,1292.38,1059.75,17,976.1,0.0,22.8,SHIFT-A,1.0,OPERATIONAL,17.18
2025-11-02T00:00:00,ZONE-ASSEMBLY,981.29,804.66,16,1692.26,0.0,23.0,SHIFT-A,1.0,OPERATIONAL,12.6
2025-11-02T00:00:00,ZONE-CASTING,2021.73,1657.82,18,0.0,522.08,271.9,SHIFT-A,1.0,OPERATIONAL,21.48
2025-11-02T00:00:00,ZONE-BATTERY,1229.07,1007.84,23,0.0,0.0,27.9,SHIFT-A,1.0,OPERATIONAL,10.88
2025-11-02T00:00:00,ZONE-HVAC-UTILITIES,655.93,537.86,15,0.0,0.0,20.9,SHIFT-A,1.0,OPERATIONAL,7.17
2025-11-02T01:00:00,ZONE-PAINT-SHOP,3988.57,3270.63,26,595.52,357.08,86.7,SHIFT-A,1.0,OPERATIONAL,30.68
2025-11-02T01:00:00,ZONE-BODY-SHOP,1167.79,957.59,18,676.83,0.0,20.7,SHIFT-A,1.0,OPERATIONAL,17.18
2025-11-02T01:00:00,ZONE-ASSEMBLY,1622.67,1330.59,21,1700.97,0.0,23.0,SHIFT-A,1.0,OPERATIONAL,12.6
2025-11-02T01:00:00,ZONE-CASTING,1940.46,1591.18,24,0.0,744.45,167.6,SHIFT-A,1.0,OPERATIONAL,21.48
2025-11-02T01:00:00,ZONE-BATTERY,1220.42,1000.74,22,0.0,0.0,18.5,SHIFT-A,1.0,OPERATIONAL,10.88
2025-11-02T01:00:00,ZONE-HVAC-UTILITIES,945.34,775.18,29,0.0,0.0,20.0,SHIFT-A,1.0,OPERATIONAL,7.17
2025-11-02T02:00:00,ZONE-PAINT-SHOP,3818.34,3131.04,24,1813.0,589.18,123.6,SHIFT-A,1.0,OPERATIONAL,30.68
2025-11-02T02:00:00,ZONE-BODY-SHOP,2409.07,1975.44,23,1116.72,0.0,23.1,SHIFT-A,1.0,OPERATIONAL,17.18
2025-11-02T02:00:00,ZONE-ASSEMBLY,1277.9,1047.87,27,1914.85,0.0,24.3,SHIFT-A,1.0,OPERATIONAL,12.6
2025-11-02T02:00:00,ZONE-CASTING,2040.28,1673.03,28,0.0,646.73,105.7,SHIFT-A,1.0,OPERATIONAL,21.48
2025-11-02T02:00:00,ZONE-BATTERY,1167.75,957.56,22,0.0,0.0,26.5,SHIFT-A,1.0,OPERATIONAL,10.88
2025-11-02T02:00:00,ZONE-HVAC-UTILITIES,874.35,716.97,17,0.0,0.0,27.4,SHIFT-A,1.0,OPERATIONAL,7.17
2025-11-02T03:00:00,ZONE-PAINT-SHOP,2180.84,1788.28,30,1759.09,786.32,66.6,SHIFT-A,1.0,OPERATIONAL,30.68
2025-11-02T03:00:00,ZONE-BODY-SHOP,2057.32,1687.01,26,1411.37,0.0,24.9,SHIFT-A,1.0,OPERATIONAL,17.18
2025-11-02T03:00:00,ZONE-ASSEMBLY,1175.0,963.5,22,726.34,0.0,18.4,SHIFT-A,1.0,OPERATIONAL,12.6
2025-11-02T03:00:00,ZONE-CASTING,1779.12,1458.88,24,0.0,453.82,286.4,SHIFT-A,1.0,OPERATIONAL,21.48
2025-11-02T03:00:00,ZONE-BATTERY,1383.83,1134.74,25,0.0,0.0,27.4,SHIFT-A,1.0,OPERATIONAL,10.88
2025-11-02T03:00:00,ZONE-HVAC-UTILITIES,963.73,790.26,22,0.0,0.0,26.2,SHIFT-A,1.0,OPERATIONAL,7.17
2025-11-02T04:00:00,ZONE-PAINT-SHOP,2872.41,2355.38,16,868.31,390.45,145.7,SHIFT-A,1.0,OPERATIONAL,30.68
2025-11-02T04:00:00,ZONE-BODY-SHOP,2450.92,2009.75,20,1486.44,0.0,19.0,SHIFT-A,1.0,OPERATIONAL,17.18
2025-11-02T04:00:00,ZONE-ASSEMBLY,1230.44,1008.96,28,1423.14,0.0,26.6,SHIFT-A,1.0,OPERATIONAL,12.6
2025-11-02T04:00:00,ZONE-CASTING,2244.38,1840.4,16,0.0,299.36,191.9,SHIFT-A,1.0,OPERATIONAL,21.48
2025-11-02T04:00:00,ZONE-BATTERY,1227.94,1006.91,21,0.0,0.0,19.1,SHIFT-A,1.0,OPERATIONAL,10.88
2025-11-02T04:00:00,ZONE-HVAC-UTILITIES,535.85,439.4,26,0.0,0.0,23.1,SHIFT-A,1.0,OPERATIONAL,7.17
2025-11-02T05:00:00,ZONE-PAINT-SHOP,3998.65,3278.89,20,565.44,638.22,166.7,SHIFT-A,1.0,OPERATIONAL,30.68
2025-11-02T05:00:00,ZONE-BODY-SHOP,1917.96,1572.73,23,1947.1,0.0,19.2,SHIFT-A,1.0,OPERATIONAL,17.18
2025-11-02T05:00:00,ZONE-ASSEMBLY,1345.51,1103.32,30,737.3,0.0,20.0,SHIFT-A,1.0,OPERATIONAL,12.6
2025-11-02T05:00:00,ZONE-CASTING,2029.77,1664.41,20,0.0,317.42,103.2,SHIFT-A,1.0,OPERATIONAL,21.48
2025-11-02T05:00:00,ZONE-BATTERY,704.99,578.09,28,0.0,0.0,26.5,SHIFT-A,1.0,OPERATIONAL,10.88
2025-11-02T05:00:00,ZONE-HVAC-UTILITIES,617.46,506.32,15,0.0,0.0,24.9,SHIFT-A,1.0,OPERATIONAL,7.17
2025-11-02T06:00:00,ZONE-PAINT-SHOP,3330.67,2731.15,22,1043.16,652.08,84.5,SHIFT-A,1.0,OPERATIONAL,30.68
2025-11-02T06:00:00,ZONE-BODY-SHOP,2437.95,1999.12,21,1275.11,0.0,26.6,SHIFT-A,1.0,OPERATIONAL,17.18
2025-11-02T06:00:00,ZONE-ASSEMBLY,1266.36,1038.42,24,790.67,0.0,26.0,SHIFT-A,1.0,OPERATIONAL,12.6
2025-11-02T06:00:00,ZONE-CASTING,2114.93,1734.24,28,0.0,571.59,164.4,SHIFT-A,1.0,OPERATIONAL,21.48
2025-11-02T06:00:00,ZONE-BATTERY,1137.36,932.63,18,0.0,0.0,24.7,SHIFT-A,1.0,OPERATIONAL,10.88
2025-11-02T06:00:00,ZONE-HVAC-UTILITIES,542.68,445.0,21,0.0,0.0,26.1,SHIFT-A,1.0,OPERATIONAL,7.17
2025-11-02T07:00:00,ZONE-PAINT-SHOP,2770.83,2272.08,26,1617.74,697.33,158.9,SHIFT-A,1.0,OPERATIONAL,30.68
2025-11-02T07:00:00,ZONE-BODY-SHOP,1116.62,915.63,17,1267.7,0.0,26.4,SHIFT-A,1.0,OPERATIONAL,17.18
2025-11-02T07:00:00,ZONE-ASSEMBLY,1548.06,1269.41,22,1601.48,0.0,21.6,SHIFT-A,1.0,OPERATIONAL,12.6
2025-11-02T07:00:00,ZONE-CASTING,2098.87,1721.07,18,0.0,293.25,218.2,SHIFT-A,1.0,OPERATIONAL,21.48
2025-11-02T07:00:00,ZONE-BATTERY,1470.59,1205.88,25,0.0,0.0,25.8,SHIFT-A,1.0,OPERATIONAL,10.88
2025-11-02T07:00:00,ZONE-HVAC-UTILITIES,896.53,735.15,19,0.0,0.0,23.2,SHIFT-A,1.0,OPERATIONAL,7.17
2025-11-02T08:00:00,ZONE-PAINT-SHOP,3538.82,2901.84,26,646.13,703.87,69.6,SHIFT-B,1.0,OPERATIONAL,30.68
2025-11-02T08:00:00,ZONE-BODY-SHOP,1487.61,1219.84,16,1890.3,0.0,22.6,SHIFT-B,1.0,OPERATIONAL,17.18
2025-11-02T08:00:00,ZONE-ASSEMBLY,1348.74,1105.97,16,1740.9,0.0,19.0,SHIFT-B,1.0,OPERATIONAL,12.6
2025-11-02T08:00:00,ZONE-CASTING,1738.56,1425.62,20,0.0,499.07,247.2,SHIFT-B,1.0,OPERATIONAL,21.48
2025-11-02T08:00:00,ZONE-BATTERY,1167.69,957.5,24,0.0,0.0,18.9,SHIFT-B,1.0,OPERATIONAL,10.88
2025-11-02T08:00:00,ZONE-HVAC-UTILITIES,921.81,755.88,19,0.0,0.0,22.4,SHIFT-B,1.0,OPERATIONAL,7.17
2025-11-02T09:00:00,ZONE-PAINT-SHOP,2861.95,2346.8,29,1828.1,780.93,119.1,SHIFT-B,1.0,OPERATIONAL,30.68
2025-11-02T09:00:00,ZONE-BODY-SHOP,2006.03,1644.94,17,810.76,0.0,19.8,SHIFT-B,1.0,OPERATIONAL,17.18
2025-11-02T09:00:00,ZONE-ASSEMBLY,1123.3,921.1,25,1953.37,0.0,24.2,SHIFT-B,1.0,OPERATIONAL,12.6
2025-11-02T09:00:00,ZONE-CASTING,1958.79,1606.2,28,0.0,373.38,214.9,SHIFT-B,1.0,OPERATIONAL,21.48
2025-11-02T09:00:00,ZONE-BATTERY,710.01,582.21,30,0.0,0.0,26.7,SHIFT-B,1.0,OPERATIONAL,10.88
2025-11-02T09:00:00,ZONE-HVAC-UTILITIES,597.64,490.07,29,0.0,0.0,27.5,SHIFT-B,1.0,OPERATIONAL,7.17
2025-11-02T10:00:00,ZONE-PAINT-SHOP,3138.01,2573.17,16,1280.52,232.36,121.8,SHIFT-B,1.0,OPERATIONAL,30.68
2025-11-02T10:00:00,ZONE-BODY-SHOP,1016.18,833.27,19,1488.41,0.0,22.1,SHIFT-B,1.0,OPERATIONAL,17.18
2025-11-02T10:00:00,ZONE-ASSEMBLY,1205.34,988.38,24,1043.56,0.0,19.3,SHIFT-B,1.0,OPERATIONAL,12.6
2025-11-02T10:00:00,ZONE-CASTING,1695.57,1390.36,23,0.0,427.79,153.4,SHIFT-B,1.0,OPERATIONAL,21.48
2025-11-02T10:00:00,ZONE-BATTERY,782.84,641.93,24,0.0,0.0,23.1,SHIFT-B,1.0,OPERATIONAL,10.88
2025-11-02T10:00:00,ZONE-HVAC-UTILITIES,580.92,476.35,22,0.0,0.0,25.8,SHIFT-B,1.0,OPERATIONAL,7.17
2025-11-02T11:00:00,ZONE-PAINT-SHOP,2858.0,2343.56,23,1137.44,327.25,154.7,SHIFT-B,1.0,OPERATIONAL,30.68
2025-11-02T11:00:00,ZONE-BODY-SHOP,1708.39,1400.88,24,953.57,0.0,24.0,SHIFT-B,1.0,OPERATIONAL,17.18
2025-11-02T11:00:00,ZONE-ASSEMBLY,866.97,710.92,21,1962.58,0.0,25.0,SHIFT-B,1.0,OPERATIONAL,12.6
2025-11-02T11:00:00,ZONE-CASTING,2361.4,1936.35,25,0.0,434.6,282.7,SHIFT-B,1.0,OPERATIONAL,21.48
2025-11-02T11:00:00,ZONE-BATTERY,1066.77,874.75,26,0.0,0.0,18.9,SHIFT-B,1.0,OPERATIONAL,10.88
2025-11-02T11:00:00,ZONE-HVAC-UTILITIES,760.56,623.66,20,0.0,0.0,26.4,SHIFT-B,1.0,OPERATIONAL,7.17
2025-11-02T12:00:00,ZONE-PAINT-SHOP,2908.42,2384.91,30,903.18,396.88,162.8,SHIFT-B,1.0,OPERATIONAL,30.68
2025-11-02T12:00:00,ZONE-BODY-SHOP,2153.0,1765.46,29,1328.36,0.0,27.9,SHIFT-B,1.0,OPERATIONAL,17.18
2025-11-02T12:00:00,ZONE-ASSEMBLY,1668.04,1367.8,19,702.79,0.0,24.6,SHIFT-B,1.0,OPERATIONAL,12.6
2025-11-02T12:00:00,ZONE-CASTING,1923.58,1577.33,18,0.0,566.32,280.7,SHIFT-B,1.0,OPERATIONAL,21.48
2025-11-02T12:00:00,ZONE-BATTERY,1215.64,996.82,21,0.0,0.0,27.0,SHIFT-B,1.0,OPERATIONAL,10.88
2025-11-02T12:00:00,ZONE-HVAC-UTILITIES,571.71,468.8,15,0.0,0.0,24.1,SHIFT-B,1.0,OPERATIONAL,7.17
2025-11-02T13:00:00,ZONE-PAINT-SHOP,2672.61,2191.54,30,1919.52,319.49,95.5,SHIFT-B,1.0,OPERATIONAL,30.68
2025-11-02T13:00:00,ZONE-BODY-SHOP,2254.23,1848.47,29,1182.5,0.0,22.4,SHIFT-B,1.0,OPERATIONAL,17.18
2025-11-02T13:00:00,ZONE-ASSEMBLY,851.1,697.9,23,1197.31,0.0,26.6,SHIFT-B,1.0,OPERATIONAL,12.6
2025-11-02T13:00:00,ZONE-CASTING,2388.06,1958.21,21,0.0,633.41,166.6,SHIFT-B,1.0,OPERATIONAL,21.48
2025-11-02T13:00:00,ZONE-BATTERY,1047.15,858.67,23,0.0,0.0,24.1,SHIFT-B,1.0,OPERATIONAL,10.88
2025-11-02T13:00:00,ZONE-HVAC-UTILITIES,696.6,571.21,20,0.0,0.0,19.3,SHIFT-B,1.0,OPERATIONAL,7.17
2025-11-02T14:00:00,ZONE-PAINT-SHOP,2211.28,1813.25,26,621.76,555.1,66.1,SHIFT-B,1.0,OPERATIONAL,30.68
2025-11-02T14:00:00,ZONE-BODY-SHOP,1184.42,971.22,24,1632.1,0.0,25.9,SHIFT-B,1.0,OPERATIONAL,17.18
2025-11-02T14:00:00,ZONE-ASSEMBLY,1423.79,1167.51,18,639.21,0.0,20.6,SHIFT-B,1.0,OPERATIONAL,12.6
2025-11-02T14:00:00,ZONE-CASTING,2582.13,2117.35,15,0.0,326.71,165.1,SHIFT-B,1.0,OPERATIONAL,21.48
2025-11-02T14:00:00,ZONE-BATTERY,1331.45,1091.79,15,0.0,0.0,22.8,SHIFT-B,1.0,OPERATIONAL,10.88
2025-11-02T14:00:00,ZONE-HVAC-UTILITIES,536.93,440.28,24,0.0,0.0,24.1,SHIFT-B,1.0,OPERATIONAL,7.17
2025-11-02T15:00:00,ZONE-PAINT-SHOP,3156.71,2588.5,27,1135.21,548.45,155.2,SHIFT-B,1.0,OPERATIONAL,30.68
2025-11-02T15:00:00,ZONE-BODY-SHOP,1108.32,908.82,24,847.76,0.0,21.7,SHIFT-B,1.0,OPERATIONAL,17.18
2025-11-02T15:00:00,ZONE-ASSEMBLY,1032.08,846.31,26,1800.02,0.0,24.4,SHIFT-B,1.0,OPERATIONAL,12.6
2025-11-02T15:00:00,ZONE-CASTING,2319.03,1901.6,24,0.0,627.57,144.3,SHIFT-B,1.0,OPERATIONAL,21.48
2025-11-02T15:00:00,ZONE-BATTERY,952.81,781.31,29,0.0,0.0,26.2,SHIFT-B,1.0,OPERATIONAL,10.88
2025-11-02T15:00:00,ZONE-HVAC-UTILITIES,820.0,672.4,20,0.0,0.0,20.9,SHIFT-B,1.0,OPERATIONAL,7.17
2025-11-02T16:00:00,ZONE-PAINT-SHOP,3008.71,2467.14,0,1027.84,643.58,77.1,SHIFT-C,0.4,STANDBY,30.68
2025-11-02T16:00:00,ZONE-BODY-SHOP,1283.24,1052.26,2,701.18,0.0,20.3,SHIFT-C,1.0,OPERATIONAL,17.18
2025-11-02T16:00:00,ZONE-ASSEMBLY,1533.36,1257.35,4,1421.62,0.0,25.7,SHIFT-C,1.0,OPERATIONAL,12.6
2025-11-02T16:00:00,ZONE-CASTING,1843.06,1511.31,2,0.0,215.86,218.1,SHIFT-C,1.0,OPERATIONAL,21.48
2025-11-02T16:00:00,ZONE-BATTERY,1169.87,959.3,4,0.0,0.0,24.6,SHIFT-C,1.0,OPERATIONAL,10.88
2025-11-02T16:00:00,ZONE-HVAC-UTILITIES,516.36,423.41,0,0.0,0.0,27.6,SHIFT-C,1.0,STANDBY,7.17
2025-11-02T17:00:00,ZONE-PAINT-SHOP,2765.39,2267.62,4,1565.52,622.03,75.6,SHIFT-C,1.0,OPERATIONAL,30.68
2025-11-02T17:00:00,ZONE-BODY-SHOP,1734.79,1422.53,7,1701.92,0.0,25.2,SHIFT-C,1.0,OPERATIONAL,17.18
2025-11-02T17:00:00,ZONE-ASSEMBLY,1567.85,1285.64,8,1883.75,0.0,20.7,SHIFT-C,1.0,OPERATIONAL,12.6
2025-11-02T17:00:00,ZONE-CASTING,2779.91,2279.53,6,0.0,734.03,118.7,SHIFT-C,1.0,OPERATIONAL,21.48
2025-11-02T17:00:00,ZONE-BATTERY,1466.61,1202.62,8,0.0,0.0,18.2,SHIFT-C,1.0,OPERATIONAL,10.88
2025-11-02T17:00:00,ZONE-HVAC-UTILITIES,929.64,762.31,4,0.0,0.0,20.3,SHIFT-C,1.0,OPERATIONAL,7.17
2025-11-02T18:00:00,ZONE-PAINT-SHOP,3915.33,3210.57,7,1212.53,320.84,96.4,SHIFT-C,1.0,OPERATIONAL,30.68
2025-11-02T18:00:00,ZONE-BODY-SHOP,1309.32,1073.64,5,1687.08,0.0,21.0,SHIFT-C,1.0,OPERATIONAL,17.18
2025-11-02T18:00:00,ZONE-ASSEMBLY,1083.27,888.28,4,598.41,0.0,25.9,SHIFT-C,1.0,OPERATIONAL,12.6
2025-11-02T18:00:00,ZONE-CASTING,2069.47,1696.97,10,0.0,452.58,267.2,SHIFT-C,1.0,OPERATIONAL,21.48
2025-11-02T18:00:00,ZONE-BATTERY,1153.48,945.85,0,0.0,0.0,22.8,SHIFT-C,1.0,STANDBY,10.88
2025-11-02T18:00:00,ZONE-HVAC-UTILITIES,903.94,741.23,4,0.0,0.0,18.8,SHIFT-C,1.0,OPERATIONAL,7.17
2025-11-02T19:00:00,ZONE-PAINT-SHOP,3591.12,2944.72,0,1538.09,399.04,93.8,SHIFT-C,0.33,STANDBY,30.68
2025-11-02T19:00:00,ZONE-BODY-SHOP,1867.37,1531.24,1,1432.0,0.0,23.6,SHIFT-C,0.64,OPERATIONAL,17.18
2025-11-02T19:00:00,ZONE-ASSEMBLY,1503.22,1232.64,1,820.34,0.0,21.4,SHIFT-C,0.8,OPERATIONAL,12.6
2025-11-02T19:00:00,ZONE-CASTING,2138.01,1753.17,10,0.0,334.22,226.4,SHIFT-C,1.0,OPERATIONAL,21.48
2025-11-02T19:00:00,ZONE-BATTERY,855.82,701.77,10,0.0,0.0,27.5,SHIFT-C,1.0,OPERATIONAL,10.88
2025-11-02T19:00:00,ZONE-HVAC-UTILITIES,768.29,630.0,0,0.0,0.0,20.4,SHIFT-C,1.0,STANDBY,7.17
2025-11-02T20:00:00,ZONE-PAINT-SHOP,2787.16,2285.47,8,1217.33,433.78,69.2,SHIFT-C,1.0,OPERATIONAL,30.68
2025-11-02T20:00:00,ZONE-BODY-SHOP,1170.87,960.12,10,579.33,0.0,27.8,SHIFT-C,1.0,OPERATIONAL,17.18
2025-11-02T20:00:00,ZONE-ASSEMBLY,1258.48,1031.95,3,1782.16,0.0,19.6,SHIFT-C,1.0,OPERATIONAL,12.6
2025-11-02T20:00:00,ZONE-CASTING,1823.25,1495.07,0,0.0,296.05,101.4,SHIFT-C,0.66,STANDBY,21.48
2025-11-02T20:00:00,ZONE-BATTERY,1448.08,1187.43,3,0.0,0.0,18.6,SHIFT-C,1.0,OPERATIONAL,10.88
2025-11-02T20:00:00,ZONE-HVAC-UTILITIES,677.47,555.52,9,0.0,0.0,21.6,SHIFT-C,1.0,OPERATIONAL,7.17
2025-11-02T21:00:00,ZONE-PAINT-SHOP,2681.94,2199.19,0,427.21,376.84,95.6,SHIFT-C,0.45,STANDBY,30.68
2025-11-02T21:00:00,ZONE-BODY-SHOP,1254.99,1029.09,6,991.16,0.0,25.6,SHIFT-C,1.0,OPERATIONAL,17.18
2025-11-02T21:00:00,ZONE-ASSEMBLY,963.32,789.92,4,1207.85,0.0,18.2,SHIFT-C,1.0,OPERATIONAL,12.6
2025-11-02T21:00:00,ZONE-CASTING,1615.2,1324.46,0,0.0,555.55,226.2,SHIFT-C,0.74,STANDBY,21.48
2025-11-02T21:00:00,ZONE-BATTERY,1240.53,1017.23,2,0.0,0.0,25.7,SHIFT-C,1.0,OPERATIONAL,10.88
2025-11-02T21:00:00,ZONE-HVAC-UTILITIES,978.99,802.77,8,0.0,0.0,25.5,SHIFT-C,1.0,OPERATIONAL,7.17
2025-11-02T22:00:00,ZONE-PAINT-SHOP,3067.02,2514.95,0,852.79,646.36,125.5,SHIFT-C,0.39,STANDBY,30.68
2025-11-02T22:00:00,ZONE-BODY-SHOP,2075.9,1702.24,10,527.67,0.0,19.3,SHIFT-C,1.0,OPERATIONAL,17.18
2025-11-02T22:00:00,ZONE-ASSEMBLY,1214.05,995.52,3,679.99,0.0,21.8,SHIFT-C,1.0,OPERATIONAL,12.6
2025-11-02T22:00:00,ZONE-CASTING,2789.36,2287.28,2,0.0,233.61,287.5,SHIFT-C,0.86,OPERATIONAL,21.48
2025-11-02T22:00:00,ZONE-BATTERY,1391.33,1140.89,3,0.0,0.0,25.2,SHIFT-C,1.0,OPERATIONAL,10.88
2025-11-02T22:00:00,ZONE-HVAC-UTILITIES,912.51,748.26,1,0.0,0.0,18.3,SHIFT-C,1.0,OPERATIONAL,7.17
2025-11-02T23:00:00,ZONE-PAINT-SHOP,4515.31,3702.55,0,1552.78,358.3,112.0,SHIFT-C,0.27,STANDBY,30.68
2025-11-02T23:00:00,ZONE-BODY-SHOP,1995.68,1636.46,2,1720.76,0.0,18.7,SHIFT-C,1.0,OPERATIONAL,17.18
2025-11-02T23:00:00,ZONE-ASSEMBLY,1136.19,931.68,2,1273.75,0.0,26.4,SHIFT-C,1.0,OPERATIONAL,12.6
2025-11-02T23:00:00,ZONE-CASTING,1501.06,1230.87,2,0.0,608.54,220.8,SHIFT-C,1.0,OPERATIONAL,21.48
2025-11-02T23:00:00,ZONE-BATTERY,890.22,729.98,6,0.0,0.0,25.0,SHIFT-C,1.0,OPERATIONAL,10.88
2025-11-02T23:00:00,ZONE-HVAC-UTILITIES,508.59,417.04,5,0.0,0.0,26.9,SHIFT-C,1.0,OPERATIONAL,7.17
